#OTUID	taxonomy	confidence
d0102b29b6ce8939f310265563e22bf6	D_0__Bacteria;D_1__Proteobacteria;D_2__Gammaproteobacteria;D_3__Betaproteobacteriales;D_4__Neisseriaceae;D_5__Snodgrassella;D_6__uncultured beta proteobacterium	0.8276515106136542
2ff15caef6ebb4cc1def65bad07d227c	D_0__Bacteria;D_1__Proteobacteria;D_2__Gammaproteobacteria;D_3__Orbales;D_4__Orbaceae;D_5__Gilliamella;D_6__uncultured gamma proteobacterium	0.7427434490618321
240ad7d9312e4b9591df263fbbbf19d0	D_0__Bacteria;D_1__Firmicutes;D_2__Bacilli;D_3__Lactobacillales;D_4__Lactobacillaceae;D_5__Lactobacillus	0.9999999548886536
71461cf21e9a83d1de11a3c432ddb72a	D_0__Bacteria;D_1__Proteobacteria;D_2__Gammaproteobacteria;D_3__Orbales;D_4__Orbaceae;D_5__Gilliamella	0.9999725980252074
b2a001f6c04eed1065b2e3f8237481d4	D_0__Bacteria;D_1__Proteobacteria;D_2__Gammaproteobacteria;D_3__Orbales;D_4__Orbaceae;D_5__Gilliamella	0.9999536650489742
08e048c2f9911e1674d43874b1c67420	D_0__Bacteria;D_1__Proteobacteria;D_2__Alphaproteobacteria;D_3__Acetobacterales;D_4__Acetobacteraceae;D_5__Commensalibacter;D_6__Apis mellifera (honey bee)	0.9015745210535554
b63e42a77971ef3b3738e4cff55485f7	D_0__Bacteria;D_1__Firmicutes;D_2__Bacilli;D_3__Lactobacillales;D_4__Lactobacillaceae;D_5__Lactobacillus;D_6__Lactobacillus apis	0.9934048335559525
5c8495b8d23f85a365be0017a776d4b8	D_0__Bacteria;D_1__Actinobacteria;D_2__Actinobacteria;D_3__Bifidobacteriales;D_4__Bifidobacteriaceae;D_5__Bifidobacterium	0.999999885263948
b5e19a79de35a0170cbd8ce540726edc	D_0__Bacteria;D_1__Firmicutes;D_2__Bacilli;D_3__Lactobacillales;D_4__Lactobacillaceae;D_5__Lactobacillus;D_6__Lactobacillus kunkeei	0.9130160417472888
435ec6f5768dd5d8402c4b0b891b2481	D_0__Bacteria;D_1__Firmicutes;D_2__Bacilli;D_3__Lactobacillales;D_4__Lactobacillaceae;D_5__Lactobacillus;D_6__Lactobacillus apis	0.9828007985352394
d51f56426ad963775a932ca54166dbc1	D_0__Bacteria;D_1__Firmicutes;D_2__Bacilli;D_3__Lactobacillales;D_4__Lactobacillaceae;D_5__Lactobacillus;D_6__Lactobacillus helsingborgensis	0.9226314477361479
b62c5d7c064f1765b34f23849892624d	D_0__Bacteria;D_1__Firmicutes;D_2__Bacilli;D_3__Lactobacillales;D_4__Lactobacillaceae;D_5__Lactobacillus;D_6__Lactobacillus kullabergensis	0.7671356716039635
e0507a399fbc236fffc28063c9dbe11b	D_0__Bacteria;D_1__Firmicutes;D_2__Bacilli;D_3__Lactobacillales;D_4__Lactobacillaceae;D_5__Lactobacillus	0.9999999983528883
dd2f067657978822aacfb9bfc37d0529	D_0__Bacteria;D_1__Firmicutes;D_2__Bacilli;D_3__Lactobacillales;D_4__Lactobacillaceae;D_5__Lactobacillus;D_6__Lactobacillus helsingborgensis	0.9171665614393661
41c5571099c40b69a0ff8ff7a780d7ff	D_0__Bacteria;D_1__Proteobacteria;D_2__Alphaproteobacteria;D_3__Acetobacterales;D_4__Acetobacteraceae;D_5__Bombella	0.999458838659443
4611228b2874279b2625c9d34059c165	D_0__Bacteria;D_1__Firmicutes;D_2__Bacilli;D_3__Lactobacillales;D_4__Lactobacillaceae;D_5__Lactobacillus	0.9999999994103063
8e57c218b848c7a1a1003f1fbceb8e81	D_0__Bacteria;D_1__Proteobacteria;D_2__Gammaproteobacteria;D_3__Orbales;D_4__Orbaceae;D_5__Gilliamella	0.9999905251469072
ebe48b87d0f5320e99cc215ea687cfe1	D_0__Bacteria;D_1__Firmicutes;D_2__Bacilli;D_3__Lactobacillales;D_4__Lactobacillaceae;D_5__Lactobacillus	0.9999999687921729
89bdeef7ce4dbe845449543ae84e7937	D_0__Bacteria;D_1__Firmicutes;D_2__Bacilli;D_3__Lactobacillales;D_4__Lactobacillaceae;D_5__Lactobacillus	0.9999999963577211
02964898ca318e593d30fe973ac5ca65	D_0__Bacteria;D_1__Proteobacteria;D_2__Gammaproteobacteria;D_3__Betaproteobacteriales;D_4__Neisseriaceae;D_5__Snodgrassella;D_6__uncultured beta proteobacterium	0.7644047105985504
39fb6b213d87b6165bdc763958a78864	D_0__Bacteria;D_1__Proteobacteria;D_2__Gammaproteobacteria;D_3__Orbales;D_4__Orbaceae;D_5__Gilliamella	0.9999948250993408
243a85a37bd4d9049f6ccd620706e04f	D_0__Bacteria;D_1__Firmicutes;D_2__Bacilli;D_3__Lactobacillales;D_4__Leuconostocaceae;D_5__Fructobacillus;D_6__Fructobacillus fructosus KCTC 3544	0.7873408784139289
ce22e81674be69d65ecd157ccd24b0cc	D_0__Bacteria;D_1__Actinobacteria;D_2__Actinobacteria;D_3__Bifidobacteriales;D_4__Bifidobacteriaceae;D_5__Bifidobacterium;D_6__Bifidobacterium asteroides	0.7000980129916688
2a57f280b8c491bfbbca1b087c67879c	D_0__Bacteria;D_1__Firmicutes;D_2__Bacilli;D_3__Lactobacillales;D_4__Lactobacillaceae;D_5__Lactobacillus;D_6__Lactobacillus kunkeei	0.9294627576176827
24b2c532776aa782aeec67564f8c43cb	D_0__Bacteria;D_1__Firmicutes;D_2__Bacilli;D_3__Lactobacillales;D_4__Lactobacillaceae;D_5__Lactobacillus	0.9999999987010506
7a6c7667136a3b5397735e05171b55f3	D_0__Bacteria;D_1__Firmicutes;D_2__Bacilli;D_3__Lactobacillales;D_4__Lactobacillaceae;D_5__Lactobacillus	0.999999954666935
754048ee27c05aadc2868c730d764c6a	D_0__Bacteria;D_1__Firmicutes;D_2__Bacilli;D_3__Lactobacillales;D_4__Lactobacillaceae;D_5__Lactobacillus	0.9999999951786116
d8ccd4bf04a05d4671dd32389b2165ad	D_0__Bacteria;D_1__Actinobacteria;D_2__Actinobacteria;D_3__Bifidobacteriales;D_4__Bifidobacteriaceae;D_5__Bifidobacterium	0.9999914782452779
1699ae6b916de9b0622b3c04b9330e89	D_0__Bacteria;D_1__Firmicutes;D_2__Bacilli;D_3__Lactobacillales;D_4__Lactobacillaceae;D_5__Lactobacillus	0.9999998948748325
d1890cf12c26826da7736415b9de34b1	D_0__Bacteria;D_1__Firmicutes;D_2__Bacilli;D_3__Lactobacillales;D_4__Lactobacillaceae;D_5__Lactobacillus	0.9999999456868559
47e7e48579b15c61ecde30419386b2c2	D_0__Bacteria;D_1__Proteobacteria;D_2__Gammaproteobacteria;D_3__Orbales;D_4__Orbaceae;D_5__Frischella;D_6__uncultured gamma proteobacterium	0.8592817082179872
eae21fa67d0118bfd1ee006f9b1a2d3d	D_0__Bacteria;D_1__Firmicutes;D_2__Bacilli;D_3__Lactobacillales;D_4__Lactobacillaceae;D_5__Lactobacillus	0.9999999999662053
37082c34df4bec176780897be5a88f6c	D_0__Bacteria;D_1__Firmicutes;D_2__Bacilli;D_3__Lactobacillales;D_4__Lactobacillaceae;D_5__Lactobacillus;D_6__Lactobacillus apis	0.9680884144953382
98a3799ad1bc16a01a72c515ad85aaff	D_0__Bacteria;D_1__Proteobacteria;D_2__Gammaproteobacteria;D_3__Betaproteobacteriales;D_4__Neisseriaceae;D_5__Snodgrassella	0.9999968442358241
8daa578c4e8057271b144da88746ef4c	D_0__Bacteria;D_1__Proteobacteria;D_2__Gammaproteobacteria;D_3__Enterobacteriales;D_4__Enterobacteriaceae;D_5__Cronobacter;D_6__uncultured bacterium	0.706523019339141
41b91f4c474d7b1b3319b1fad04f3348	D_0__Bacteria;D_1__Firmicutes;D_2__Bacilli;D_3__Lactobacillales;D_4__Lactobacillaceae;D_5__Lactobacillus	0.9999999380273058
5ddec365a219879f78bca37841b40296	D_0__Bacteria;D_1__Firmicutes;D_2__Bacilli;D_3__Lactobacillales;D_4__Lactobacillaceae;D_5__Lactobacillus;D_6__Lactobacillus apinorum	0.7025735502834388
c55847902c489dbb90b19a3cf300d496	D_0__Bacteria;D_1__Firmicutes;D_2__Bacilli;D_3__Lactobacillales;D_4__Lactobacillaceae;D_5__Lactobacillus	0.9999999884000448
68c2b8b485305b991991788c7d122994	D_0__Bacteria;D_1__Proteobacteria;D_2__Gammaproteobacteria;D_3__Orbales;D_4__Orbaceae;D_5__Frischella;D_6__uncultured gamma proteobacterium	0.7107744960389908
fa70d6e7b5147553c073da57e25e1e2c	D_0__Bacteria;D_1__Firmicutes;D_2__Bacilli;D_3__Lactobacillales;D_4__Lactobacillaceae;D_5__Lactobacillus	0.9999998800629862
3bb3549661dec185dee27741f33a194a	D_0__Bacteria;D_1__Firmicutes;D_2__Bacilli;D_3__Lactobacillales;D_4__Lactobacillaceae;D_5__Lactobacillus;D_6__Lactobacillus helsingborgensis	0.828809790973101
e6ce4ccb3193e67a3dff7058d15da793	D_0__Bacteria;D_1__Firmicutes;D_2__Bacilli;D_3__Lactobacillales;D_4__Lactobacillaceae;D_5__Lactobacillus	0.999999953359936
8cca990840a9bb5dc825036b129be94e	D_0__Bacteria;D_1__Proteobacteria;D_2__Gammaproteobacteria;D_3__Betaproteobacteriales;D_4__Neisseriaceae;D_5__Snodgrassella;D_6__uncultured beta proteobacterium	0.8462873858012827
f45f4e0a7d43ceed93e239b1538dc93b	D_0__Bacteria;D_1__Firmicutes;D_2__Bacilli;D_3__Lactobacillales;D_4__Lactobacillaceae;D_5__Lactobacillus	0.9999999589786632
b4e3ad1e3169dc2a6039ca1de9daa560	D_0__Bacteria;D_1__Proteobacteria;D_2__Alphaproteobacteria;D_3__Acetobacterales;D_4__Acetobacteraceae;D_5__Bombella	0.9983842163360647
eb4bc1a24f8292f50674dd13fa53e569	D_0__Bacteria;D_1__Proteobacteria;D_2__Gammaproteobacteria;D_3__Orbales;D_4__Orbaceae;D_5__Frischella;D_6__uncultured gamma proteobacterium	0.8546125362762557
0ccb0edd9c657a8f46137730ba0fc1b6	D_0__Bacteria;D_1__Firmicutes;D_2__Bacilli;D_3__Lactobacillales;D_4__Lactobacillaceae;D_5__Lactobacillus	0.9999999502189394
0f305b33ce7c1cb2440f9e7d35a54c97	D_0__Bacteria;D_1__Firmicutes;D_2__Bacilli;D_3__Lactobacillales;D_4__Lactobacillaceae;D_5__Lactobacillus;D_6__Lactobacillus helsingborgensis	0.8793522076836137
de46a8a77df20122166d4deae3b6af89	D_0__Bacteria;D_1__Firmicutes;D_2__Bacilli;D_3__Lactobacillales;D_4__Lactobacillaceae;D_5__Lactobacillus	0.999999995384467
c0d9e4d0cbfb6d3a14fcfde5e3d99882	D_0__Bacteria;D_1__Firmicutes;D_2__Bacilli;D_3__Lactobacillales;D_4__Lactobacillaceae;D_5__Lactobacillus;D_6__Lactobacillus sp. G3_4_3CO2	0.7057773685922292
252687405f22d332bc74a329aadbadac	D_0__Bacteria;D_1__Firmicutes;D_2__Bacilli;D_3__Lactobacillales;D_4__Lactobacillaceae;D_5__Lactobacillus;D_6__Lactobacillus apis	0.9938879437272851
707fc86a67cce16fcdf983e0c5512e67	D_0__Bacteria;D_1__Firmicutes;D_2__Bacilli;D_3__Lactobacillales;D_4__Leuconostocaceae;D_5__Fructobacillus;D_6__Fructobacillus fructosus KCTC 3544	0.8423951580253163
c2e370cdbe76864de750c57fce9f7dd6	D_0__Bacteria;D_1__Firmicutes;D_2__Bacilli;D_3__Lactobacillales;D_4__Lactobacillaceae;D_5__Lactobacillus;D_6__Lactobacillus apis	0.9930536471859688
ecdd4d5c1dd697bb8aa5408176818d27	D_0__Bacteria;D_1__Proteobacteria;D_2__Alphaproteobacteria;D_3__Rhizobiales;D_4__Rhizobiaceae;D_5__Bartonella	0.8164701073468693
85512657f693063f434f15ce442a0fe2	D_0__Bacteria;D_1__Proteobacteria;D_2__Gammaproteobacteria;D_3__Betaproteobacteriales;D_4__Burkholderiaceae;D_5__Delftia	0.9994049476291667
2ef10e1aac3da6a56c40bb544db6c959	D_0__Bacteria;D_1__Firmicutes;D_2__Bacilli;D_3__Lactobacillales;D_4__Lactobacillaceae;D_5__Lactobacillus;D_6__Lactobacillus kunkeei	0.7957310914786493
bb254389b01cd3c9f7145656b2cf06be	D_0__Bacteria;D_1__Firmicutes;D_2__Bacilli;D_3__Lactobacillales;D_4__Lactobacillaceae;D_5__Lactobacillus;D_6__Lactobacillus kunkeei	0.8023510404074458
13359c5809345bcf300baee5a0837c64	D_0__Bacteria;D_1__Firmicutes;D_2__Bacilli;D_3__Lactobacillales;D_4__Lactobacillaceae;D_5__Lactobacillus;D_6__Lactobacillus kunkeei	0.8414884589479444
97a09dd9f3900af6864c44bf000b12f5	D_0__Bacteria;D_1__Firmicutes;D_2__Bacilli;D_3__Lactobacillales;D_4__Lactobacillaceae;D_5__Lactobacillus;D_6__Lactobacillus kullabergensis	0.8683316127366891
1376aa53e7442a71e94e663708e229e5	D_0__Bacteria;D_1__Proteobacteria;D_2__Gammaproteobacteria;D_3__Orbales;D_4__Orbaceae;D_5__Frischella;D_6__uncultured gamma proteobacterium	0.7448213500062227
4979af56462396c86c220109241811b0	D_0__Bacteria;D_1__Firmicutes;D_2__Bacilli;D_3__Lactobacillales;D_4__Lactobacillaceae;D_5__Lactobacillus;D_6__Lactobacillus apis	0.9821512892602657
1bc5259c39e088fcd9f6b16f94f83cff	D_0__Bacteria;D_1__Proteobacteria;D_2__Gammaproteobacteria;D_3__Orbales;D_4__Orbaceae;D_5__Frischella;D_6__uncultured gamma proteobacterium	0.8303427567189228
92a5209774c3382e29fe451afdc3382d	D_0__Bacteria;D_1__Firmicutes;D_2__Bacilli;D_3__Lactobacillales;D_4__Lactobacillaceae;D_5__Lactobacillus;D_6__Lactobacillus helsingborgensis	0.9202413794778728
fd8e23c96f686a1c9962399a71f55ea4	D_0__Bacteria;D_1__Firmicutes;D_2__Bacilli;D_3__Lactobacillales;D_4__Lactobacillaceae;D_5__Lactobacillus;D_6__Lactobacillus kullabergensis	0.7433093200144184
bff84564e5bf3471708acec1c046f315	D_0__Bacteria;D_1__Firmicutes;D_2__Bacilli;D_3__Lactobacillales;D_4__Lactobacillaceae;D_5__Lactobacillus;D_6__Lactobacillus kullabergensis	0.9586839088040015
f428e96cc07fa587fbafe2fc096d78fa	D_0__Bacteria;D_1__Proteobacteria;D_2__Gammaproteobacteria;D_3__Orbales;D_4__Orbaceae;D_5__Gilliamella	0.9999193863163297
082cecb3e937cb47529c9812a5a6170c	D_0__Bacteria;D_1__Proteobacteria;D_2__Gammaproteobacteria;D_3__Enterobacteriales;D_4__Enterobacteriaceae;D_5__Kosakonia	0.9953911687429591
97589126d9c916712307fa6f4c1f65b1	D_0__Bacteria;D_1__Firmicutes;D_2__Bacilli;D_3__Lactobacillales;D_4__Lactobacillaceae;D_5__Lactobacillus	0.9999999396164826
63925da2e07e0f8756aa720b39347deb	D_0__Bacteria;D_1__Proteobacteria;D_2__Gammaproteobacteria;D_3__Enterobacteriales;D_4__Enterobacteriaceae;D_5__Cronobacter	0.7886196879987286
602eaee8dd5b2d1ae504a10bc7b3fe0a	D_0__Bacteria;D_1__Firmicutes;D_2__Bacilli;D_3__Bacillales;D_4__Bacillaceae;D_5__Anaerobacillus;D_6__uncultured bacterium	0.911935966860429
e3af1ca33f2742b803d80e2d1685a0a8	D_0__Bacteria;D_1__Proteobacteria;D_2__Gammaproteobacteria;D_3__Betaproteobacteriales;D_4__Neisseriaceae;D_5__Snodgrassella	0.9999993718162015
92a5653579b638b23a3b899259a4e896	D_0__Bacteria;D_1__Firmicutes;D_2__Bacilli;D_3__Lactobacillales;D_4__Lactobacillaceae;D_5__Lactobacillus;D_6__Lactobacillus kullabergensis	0.9882477936434284
3aa0efea974c2b036fe8f7db8905ed47	D_0__Bacteria;D_1__Firmicutes;D_2__Bacilli;D_3__Lactobacillales;D_4__Lactobacillaceae;D_5__Lactobacillus	0.9999999988384978
2fd0e8a81a58bb6bff6f9010042324ff	D_0__Bacteria;D_1__Proteobacteria;D_2__Gammaproteobacteria;D_3__Betaproteobacteriales;D_4__Neisseriaceae;D_5__Snodgrassella;D_6__uncultured beta proteobacterium	0.8462774920969584
fc08a95e65a544c11e2f1e5014ce56d3	D_0__Bacteria;D_1__Proteobacteria;D_2__Gammaproteobacteria;D_3__Orbales;D_4__Orbaceae;D_5__Gilliamella;D_6__uncultured gamma proteobacterium	0.7007041328894535
72b7ef67650cb47ff05a15776d6afdc6	D_0__Bacteria;D_1__Proteobacteria;D_2__Gammaproteobacteria;D_3__Orbales;D_4__Orbaceae;D_5__Gilliamella	0.9999880003218597
03c552ebdd8740b1ffa5ecd6c578e6ea	D_0__Bacteria;D_1__Firmicutes;D_2__Bacilli;D_3__Lactobacillales;D_4__Lactobacillaceae;D_5__Lactobacillus;D_6__Lactobacillus kunkeei	0.9438453830782744
06c3b97747f2cfbb2f8f9ed5ebf67eac	D_0__Bacteria;D_1__Firmicutes;D_2__Bacilli;D_3__Lactobacillales;D_4__Lactobacillaceae;D_5__Lactobacillus	0.9999999995811883
e32710150f04947c3aec9d9611eca566	D_0__Bacteria;D_1__Proteobacteria;D_2__Gammaproteobacteria;D_3__Enterobacteriales;D_4__Enterobacteriaceae	0.999903241748545
b9c47c727302f2595c74a0644063a53a	D_0__Bacteria;D_1__Firmicutes;D_2__Bacilli;D_3__Lactobacillales;D_4__Lactobacillaceae;D_5__Lactobacillus;D_6__Lactobacillus kullabergensis	0.8917587246251916
840dbe8025e88da6000aa8174899a682	D_0__Bacteria;D_1__Proteobacteria;D_2__Gammaproteobacteria;D_3__Orbales;D_4__Orbaceae;D_5__Gilliamella;D_6__Gilliamella apicola	0.7111283821240943
75ea64447e3d072dcdd39c3daf7e8f66	D_0__Bacteria;D_1__Proteobacteria;D_2__Alphaproteobacteria;D_3__Acetobacterales;D_4__Acetobacteraceae;D_5__Bombella	0.9962954273676059
f0915bcddeaa78e262676777b5f32056	D_0__Bacteria;D_1__Proteobacteria;D_2__Alphaproteobacteria;D_3__Rhizobiales;D_4__Rhizobiaceae;D_5__Ochrobactrum	0.9189345693123374
d0eec319b83abcb87137c96af4ca2426	D_0__Bacteria;D_1__Firmicutes;D_2__Bacilli;D_3__Bacillales;D_4__Bacillaceae;D_5__Anaerobacillus;D_6__uncultured bacterium	0.7052025293656721
e41d674a968c62d50056731539b1049a	D_0__Bacteria;D_1__Firmicutes;D_2__Bacilli;D_3__Lactobacillales;D_4__Lactobacillaceae;D_5__Lactobacillus	0.9999999975185283
eb13bd654fa29282d97481e051f1659a	D_0__Bacteria;D_1__Firmicutes;D_2__Bacilli;D_3__Lactobacillales;D_4__Lactobacillaceae;D_5__Lactobacillus;D_6__Lactobacillus apis	0.9798760533918678
dc05e5d63159bccee9fcafd0ca8326cc	D_0__Bacteria;D_1__Proteobacteria;D_2__Gammaproteobacteria;D_3__Orbales;D_4__Orbaceae;D_5__Gilliamella	0.9999569984514366
d9d39e09b94c42a4ca57501b6038d2ac	D_0__Bacteria;D_1__Proteobacteria;D_2__Gammaproteobacteria;D_3__Enterobacteriales;D_4__Enterobacteriaceae;D_5__Kosakonia	0.9901981114736865
3f27fe0a940ac1fce4ef3daa6cf8443d	D_0__Bacteria;D_1__Firmicutes;D_2__Bacilli;D_3__Lactobacillales;D_4__Lactobacillaceae;D_5__Lactobacillus	0.9999999983845781
83b43474492b25f0d309b36bc220500e	D_0__Bacteria;D_1__Firmicutes;D_2__Bacilli;D_3__Bacillales;D_4__Bacillaceae;D_5__Anaerobacillus;D_6__uncultured bacterium	0.7878426202274894
3b714ace7dcc7eae4679182c172da623	D_0__Bacteria;D_1__Firmicutes;D_2__Bacilli;D_3__Lactobacillales;D_4__Leuconostocaceae;D_5__Fructobacillus;D_6__Fructobacillus fructosus KCTC 3544	0.7906974420523547
b3305d116a814c0054d71a0003e47f81	D_0__Bacteria;D_1__Firmicutes;D_2__Bacilli;D_3__Lactobacillales;D_4__Lactobacillaceae;D_5__Lactobacillus;D_6__Lactobacillus kullabergensis	0.866838159459758
16367e8ce8d1b80c3f6c6225484f1648	D_0__Bacteria;D_1__Firmicutes;D_2__Bacilli;D_3__Lactobacillales;D_4__Lactobacillaceae;D_5__Lactobacillus;D_6__Lactobacillus apis	0.9403018397742274
aafa13dbc38301df7b54dc687b9ca93a	D_0__Bacteria;D_1__Firmicutes;D_2__Bacilli;D_3__Lactobacillales;D_4__Lactobacillaceae;D_5__Lactobacillus	0.9999999999326458
423c2793c04015fca3be4f89208d87a8	D_0__Bacteria;D_1__Proteobacteria;D_2__Gammaproteobacteria;D_3__Enterobacteriales;D_4__Enterobacteriaceae;D_5__Serratia;D_6__Serratia symbiotica	0.7904802463053695
de7d7acfbf1f068c5a3d2de747ab293f	D_0__Bacteria;D_1__Proteobacteria;D_2__Gammaproteobacteria;D_3__Orbales;D_4__Orbaceae;D_5__Frischella	0.7864676626830311
7a5141df6bf21781ceeec3bc4a6aecff	D_0__Bacteria;D_1__Firmicutes;D_2__Bacilli;D_3__Lactobacillales;D_4__Lactobacillaceae;D_5__Lactobacillus	0.9999999807510813
390b74783963516fc3186998246dbf4d	D_0__Bacteria;D_1__Proteobacteria;D_2__Gammaproteobacteria;D_3__Orbales;D_4__Orbaceae;D_5__Gilliamella	0.9999741821448616
8311491d1b4ddeb656267bee47d53d2a	D_0__Bacteria;D_1__Proteobacteria;D_2__Gammaproteobacteria;D_3__Betaproteobacteriales;D_4__Burkholderiaceae;D_5__Curvibacter;D_6__Curvibacter gracilis	0.8815269550244089
5362ff4cb5abd4bd1d8825224b7b05ae	D_0__Bacteria;D_1__Proteobacteria;D_2__Gammaproteobacteria;D_3__Enterobacteriales;D_4__Enterobacteriaceae;D_5__Enterobacter	0.9297066973968122
36f76b256771d8dfb36971a5fc6896ff	D_0__Bacteria;D_1__Proteobacteria;D_2__Alphaproteobacteria;D_3__Rhodobacterales;D_4__Rhodobacteraceae;D_5__HIMB11	0.9395272982616545
3e8bc65da4deea972adae489fda024d8	D_0__Bacteria;D_1__Proteobacteria;D_2__Gammaproteobacteria;D_3__Enterobacteriales;D_4__Enterobacteriaceae;D_5__Klebsiella	0.7201537565792061
8a41342db40d098a2c02b8741bb4806c	D_0__Bacteria;D_1__Firmicutes;D_2__Bacilli;D_3__Lactobacillales;D_4__Lactobacillaceae;D_5__Lactobacillus;D_6__Lactobacillus kullabergensis	0.7611861790793396
74f8498cef484426009ac79dbf1902bd	D_0__Bacteria;D_1__Firmicutes;D_2__Bacilli;D_3__Lactobacillales;D_4__Lactobacillaceae;D_5__Lactobacillus;D_6__Lactobacillus apis	0.9856186793380156
9f1c427805f1b81e0ef8c5d244859b48	D_0__Bacteria;D_1__Firmicutes;D_2__Bacilli;D_3__Bacillales;D_4__Bacillaceae;D_5__Bacillus;D_6__Bacillus pseudofirmus	0.899007328316981
10b89d9a2b71ef7a8de0d98e37f111ad	D_0__Bacteria;D_1__Proteobacteria;D_2__Gammaproteobacteria;D_3__Alteromonadales;D_4__Psychromonadaceae;D_5__Psychromonas;D_6__uncultured proteobacterium	0.8918707049764029
6b717b489379a176d4e6ccc31d5a7b49	D_0__Bacteria;D_1__Proteobacteria;D_2__Alphaproteobacteria;D_3__Sphingomonadales;D_4__Sphingomonadaceae;D_5__Sphingomonas	0.9669196639511973
f580080611cc499766761501510bc175	D_0__Bacteria;D_1__Firmicutes;D_2__Bacilli;D_3__Lactobacillales;D_4__Lactobacillaceae;D_5__Lactobacillus	0.9999998455877839
ea92b66eadfda08ae58787276ed697b6	D_0__Bacteria;D_1__Proteobacteria;D_2__Gammaproteobacteria;D_3__Orbales;D_4__Orbaceae;D_5__Frischella;D_6__uncultured gamma proteobacterium	0.8006006085324302
7caa661b91d3a5bba55732d747287c22	D_0__Bacteria;D_1__Proteobacteria;D_2__Gammaproteobacteria;D_3__Orbales;D_4__Orbaceae;D_5__Gilliamella	0.9999857902816992
8a462cf114d2b5994b4ca379e3bca433	D_0__Bacteria;D_1__Cyanobacteria;D_2__Oxyphotobacteria;D_3__Chloroplast;D_4__Aureococcus anophagefferens;D_5__Aureococcus anophagefferens;D_6__Aureococcus anophagefferens	0.960968095965194
9c9a91018a2fa7b394a2980d69481c2e	D_0__Bacteria;D_1__Firmicutes;D_2__Bacilli;D_3__Lactobacillales;D_4__Lactobacillaceae;D_5__Lactobacillus;D_6__Lactobacillus helsingborgensis	0.8611069715223604
ad50d49ace74817d6b2d316704deecf7	D_0__Bacteria;D_1__Bacteroidetes;D_2__Bacteroidia;D_3__Flavobacteriales;D_4__Cryomorphaceae;D_5__uncultured;D_6__uncultured marine microorganism	0.9415719355491309
13a9934a0382a34fbdb6c5b309d4d074	D_0__Bacteria;D_1__Proteobacteria;D_2__Gammaproteobacteria;D_3__Xanthomonadales;D_4__Xanthomonadaceae;D_5__Stenotrophomonas	0.9999960656989048
7ae571bbf6efe238e318e1e3a3d6cb78	D_0__Bacteria;D_1__Firmicutes;D_2__Bacilli;D_3__Lactobacillales;D_4__Lactobacillaceae;D_5__Lactobacillus;D_6__Lactobacillus kunkeei	0.7947607769446966
49ded3f6074b401b5870f66428f48b03	D_0__Bacteria;D_1__Proteobacteria;D_2__Gammaproteobacteria;D_3__Orbales;D_4__Orbaceae;D_5__Gilliamella	0.9999528301753889
d485e3f17b7c810ccbd48a39b733e3d7	D_0__Bacteria;D_1__Proteobacteria;D_2__Gammaproteobacteria;D_3__Betaproteobacteriales;D_4__Burkholderiaceae;D_5__Ralstonia	0.9999998340901771
f4a8ac575133685abffaca1625751bad	D_0__Bacteria;D_1__Firmicutes;D_2__Bacilli;D_3__Bacillales;D_4__Bacillaceae;D_5__Anaerobacillus;D_6__uncultured bacterium	0.8451128450898446
abfeb7be4c944d6e9f351b0497fb97ff	D_0__Bacteria;D_1__Proteobacteria;D_2__Gammaproteobacteria;D_3__Betaproteobacteriales;D_4__Neisseriaceae;D_5__Snodgrassella	0.9999578016188608
16bb51c38970a932135df882442e72fd	D_0__Bacteria;D_1__Firmicutes;D_2__Bacilli;D_3__Bacillales;D_4__Bacillaceae;D_5__Bacillus	0.9991893009841646
b3d7562614804655a1176b3126e4a5a2	D_0__Bacteria;D_1__Bacteroidetes;D_2__Bacteroidia;D_3__Flavobacteriales;D_4__Flavobacteriaceae;D_5__NS5 marine group;D_6__uncultured Flavobacteriaceae bacterium	0.9956457458673923
b3b10d27240717cfdd23214beefb203a	D_0__Bacteria;D_1__Firmicutes;D_2__Bacilli;D_3__Bacillales;D_4__Bacillaceae;D_5__Anaerobacillus	0.997906984711239
04f55d2e8791d1c1050157c0c7d317ca	D_0__Bacteria;D_1__Proteobacteria;D_2__Gammaproteobacteria;D_3__Enterobacteriales;D_4__Enterobacteriaceae	0.9999965304097771
0a32721c68f1ecd7342ed65d7928a8f8	D_0__Bacteria;D_1__Firmicutes;D_2__Bacilli;D_3__Bacillales;D_4__Planococcaceae;D_5__Sporosarcina;D_6__Sporosarcina ginsengisoli	0.8238999294559419
92e1266f127839eb835571cfce1d5da8	D_0__Bacteria;D_1__Firmicutes;D_2__Bacilli;D_3__Bacillales;D_4__Bacillaceae;D_5__Anaerobacillus	0.9966644247721554
ba21ee9e3681ca0dbfaffce4819cb5b9	D_0__Bacteria;D_1__Proteobacteria;D_2__Gammaproteobacteria;D_3__Orbales;D_4__Orbaceae;D_5__Gilliamella	0.9999675210484928
e7c5bed0bdc1b117cfc335bbe871411b	D_0__Bacteria;D_1__Proteobacteria;D_2__Gammaproteobacteria;D_3__Betaproteobacteriales;D_4__Neisseriaceae;D_5__Snodgrassella;D_6__uncultured beta proteobacterium	0.7985220877219
93091a3598ba288889cd2e231419b78a	D_0__Bacteria;D_1__Cyanobacteria;D_2__Oxyphotobacteria;D_3__Synechococcales;D_4__Cyanobiaceae;D_5__Synechococcus CC9902	0.9975555060591976
418100560c423c64e044d2343af744a7	D_0__Bacteria;D_1__Firmicutes;D_2__Bacilli;D_3__Lactobacillales;D_4__Lactobacillaceae;D_5__Lactobacillus	0.9999999964870351
e2b29c444573bf7a68c0c587d5921bf3	D_0__Bacteria;D_1__Proteobacteria;D_2__Gammaproteobacteria;D_3__Betaproteobacteriales;D_4__Neisseriaceae;D_5__Snodgrassella;D_6__uncultured beta proteobacterium	0.7937503792840035
4da8d597212e9f114ddfa51d77f5955e	D_0__Bacteria;D_1__Firmicutes;D_2__Bacilli;D_3__Lactobacillales;D_4__Lactobacillaceae;D_5__Lactobacillus	0.9999999516040993
77ecf4e288aa6a072d0eb4bb717ef0f7	D_0__Bacteria;D_1__Cyanobacteria;D_2__Oxyphotobacteria;D_3__Chloroplast	0.9999999999999947
678ab53332aef81d07777809ff7996b8	D_0__Bacteria;D_1__Proteobacteria;D_2__Gammaproteobacteria;D_3__Betaproteobacteriales;D_4__Neisseriaceae;D_5__Snodgrassella;D_6__uncultured beta proteobacterium	0.8037231613338959
ade389d9a661ca67f570e7748576b7e7	D_0__Bacteria;D_1__Firmicutes;D_2__Bacilli;D_3__Lactobacillales;D_4__Lactobacillaceae;D_5__Lactobacillus	0.9999999850552869
9bba51de02a5ece0c287778023b71410	D_0__Bacteria;D_1__Proteobacteria;D_2__Gammaproteobacteria;D_3__Orbales;D_4__Orbaceae;D_5__Gilliamella	0.9999451234949448
f4f0a9a4efeb8240be7c25f0de92304a	D_0__Bacteria;D_1__Bacteroidetes;D_2__Bacteroidia;D_3__Flavobacteriales;D_4__Cryomorphaceae;D_5__uncultured;D_6__uncultured marine microorganism	0.9057815983069837
96ae8d1ba07060e8b0462daa2f5cf585	D_0__Bacteria;D_1__Proteobacteria;D_2__Alphaproteobacteria;D_3__Acetobacterales;D_4__Acetobacteraceae;D_5__Bombella	0.9995351255087732
2ea8fcab253a611dce520a113e203332	D_0__Bacteria;D_1__Proteobacteria;D_2__Gammaproteobacteria;D_3__Orbales;D_4__Orbaceae;D_5__Gilliamella	0.9999624008428505
2ad73529b5b56f15233fe9071f9076bd	D_0__Bacteria;D_1__Proteobacteria;D_2__Gammaproteobacteria;D_3__Betaproteobacteriales;D_4__Neisseriaceae;D_5__Snodgrassella	0.999996020802369
1610f246d14c1eb8f9083711239fb836	D_0__Bacteria;D_1__Firmicutes;D_2__Bacilli;D_3__Lactobacillales;D_4__Lactobacillaceae;D_5__Lactobacillus	0.9999999560388152
c860cecce5fe44cbc6d1c6e343b26a6a	D_0__Bacteria;D_1__Cyanobacteria;D_2__Oxyphotobacteria;D_3__Synechococcales;D_4__Cyanobiaceae;D_5__Synechococcus CC9902	0.997379258935889
7c8563ef55fec17ff22940b17fbfa04e	D_0__Bacteria;D_1__Proteobacteria;D_2__Alphaproteobacteria;D_3__Rhizobiales;D_4__Rhizobiaceae;D_5__Mesorhizobium	0.979643671529466
19567bfe129e1cde877e7aa83fe7def5	D_0__Bacteria;D_1__Proteobacteria;D_2__Gammaproteobacteria;D_3__Orbales;D_4__Orbaceae;D_5__Gilliamella	0.9999079615513995
34b813c559ee2e9f0d337762536031db	D_0__Bacteria;D_1__Proteobacteria;D_2__Gammaproteobacteria;D_3__Betaproteobacteriales;D_4__Neisseriaceae;D_5__Snodgrassella	0.9999995085559508
a2dc6d61c32ba8a22c48137835951e59	D_0__Bacteria;D_1__Firmicutes;D_2__Bacilli;D_3__Lactobacillales;D_4__Lactobacillaceae;D_5__Lactobacillus	0.9999999999745321
3e58eab9c0b783230cac3f1f1c56e83b	D_0__Bacteria;D_1__Proteobacteria;D_2__Gammaproteobacteria;D_3__Orbales;D_4__Orbaceae;D_5__Gilliamella	0.999954653201058
4278ddf7bffbf7570bdf6e2ae603bc88	D_0__Bacteria;D_1__Proteobacteria;D_2__Gammaproteobacteria;D_3__Betaproteobacteriales;D_4__Burkholderiaceae;D_5__Herbaspirillum	0.9982549020060814
7241fb9edb85e95a9135a3b556c24b1c	D_0__Bacteria;D_1__Proteobacteria;D_2__Gammaproteobacteria;D_3__Betaproteobacteriales;D_4__Neisseriaceae;D_5__Snodgrassella;D_6__uncultured beta proteobacterium	0.8496946180483141
3050092af8fbeaa57a671556a67d9101	D_0__Bacteria;D_1__Proteobacteria;D_2__Gammaproteobacteria;D_3__Orbales;D_4__Orbaceae;D_5__Gilliamella	0.9999554921874649
2499727f2cad4d07cd22d61f31fd5407	D_0__Bacteria;D_1__Proteobacteria;D_2__Gammaproteobacteria;D_3__Betaproteobacteriales;D_4__Neisseriaceae;D_5__Snodgrassella;D_6__uncultured beta proteobacterium	0.7961444573236585
9f76a8c838be7b61af62a2fcd1524363	D_0__Bacteria;D_1__Proteobacteria;D_2__Gammaproteobacteria;D_3__Betaproteobacteriales;D_4__Neisseriaceae;D_5__Snodgrassella;D_6__uncultured beta proteobacterium	0.7951832954192527
823a0e123d1736ae2f9d46880f33c61b	D_0__Bacteria;D_1__Firmicutes;D_2__Bacilli;D_3__Lactobacillales;D_4__Lactobacillaceae;D_5__Lactobacillus;D_6__Lactobacillus helsingborgensis	0.8754353276753288
19efab7c7705316fa10ff6252679febe	D_0__Bacteria;D_1__Proteobacteria;D_2__Gammaproteobacteria;D_3__Orbales;D_4__Orbaceae;D_5__Gilliamella	0.9999947436676568
e644ee80ac220e0a43fd1736137ca6dd	D_0__Bacteria;D_1__Proteobacteria;D_2__Gammaproteobacteria;D_3__Betaproteobacteriales;D_4__Neisseriaceae;D_5__Snodgrassella;D_6__uncultured beta proteobacterium	0.7960502313508452
ff7031b5f641600fb8bee8bf6460d1c3	D_0__Bacteria;D_1__Proteobacteria;D_2__Gammaproteobacteria;D_3__Orbales;D_4__Orbaceae;D_5__Gilliamella	0.9999439708217355
67d624a17e9db316a2fce8007eb2c19c	D_0__Bacteria;D_1__Proteobacteria;D_2__Gammaproteobacteria;D_3__Betaproteobacteriales;D_4__Neisseriaceae;D_5__Snodgrassella;D_6__uncultured beta proteobacterium	0.8152773920932818
84318daf141af9eda29611b161ccdd70	D_0__Bacteria;D_1__Firmicutes;D_2__Bacilli;D_3__Lactobacillales;D_4__Lactobacillaceae;D_5__Lactobacillus	0.9999999855728671
903b4671d3fb08bb422667102473d39d	D_0__Bacteria;D_1__Firmicutes;D_2__Bacilli;D_3__Lactobacillales;D_4__Lactobacillaceae;D_5__Lactobacillus	0.9999999562272136
a5333777f4f9c4216aa56e6446f2a58b	D_0__Bacteria;D_1__Proteobacteria;D_2__Alphaproteobacteria;D_3__Acetobacterales;D_4__Acetobacteraceae;D_5__Bombella	0.9984615161889966
0e97ea7bf1d041179103af7fb694b0a9	D_0__Bacteria;D_1__Proteobacteria;D_2__Gammaproteobacteria;D_3__Orbales;D_4__Orbaceae;D_5__Gilliamella;D_6__uncultured gamma proteobacterium	0.7151158239775796
7eef4cbea96cae8a45c33706914d837b	D_0__Bacteria;D_1__Proteobacteria;D_2__Gammaproteobacteria;D_3__Enterobacteriales;D_4__Enterobacteriaceae	0.9999989926837244
8304a0e22accd08669a86e0cdb9af16a	D_0__Bacteria;D_1__Firmicutes;D_2__Bacilli;D_3__Lactobacillales;D_4__Lactobacillaceae;D_5__Lactobacillus;D_6__Lactobacillus apis	0.9919801672310731
8ea2fdbd18dd1651dcaf06426f044016	D_0__Bacteria;D_1__Proteobacteria;D_2__Gammaproteobacteria;D_3__Betaproteobacteriales;D_4__Neisseriaceae;D_5__Snodgrassella;D_6__uncultured beta proteobacterium	0.8018213735460875
44afcea29259e514b8691347b7fed649	D_0__Bacteria;D_1__Proteobacteria;D_2__Gammaproteobacteria;D_3__Pseudomonadales;D_4__Moraxellaceae;D_5__Enhydrobacter	0.9999999996927994
12ded383d1d5f98dc210039bb5333a88	D_0__Bacteria;D_1__Firmicutes;D_2__Bacilli;D_3__Lactobacillales;D_4__Lactobacillaceae;D_5__Lactobacillus;D_6__Lactobacillus helsingborgensis	0.918990156429389
b84bf86715b9237dd930156f4aa93874	D_0__Bacteria;D_1__Proteobacteria;D_2__Gammaproteobacteria;D_3__Orbales;D_4__Orbaceae;D_5__Gilliamella	0.9052324500191082
b791cd08a49a545bfd3da33ea22687b2	D_0__Bacteria;D_1__Proteobacteria;D_2__Gammaproteobacteria;D_3__Betaproteobacteriales;D_4__Neisseriaceae;D_5__Snodgrassella;D_6__uncultured beta proteobacterium	0.7945508243413103
6a98fba7c8d0ac725e48316233c8d69d	D_0__Bacteria;D_1__Actinobacteria;D_2__Actinobacteria;D_3__Bifidobacteriales;D_4__Bifidobacteriaceae;D_5__Bifidobacterium	0.9999870423796873
8ffaad2907aaca57f506210b06a2366f	D_0__Bacteria;D_1__Proteobacteria;D_2__Gammaproteobacteria;D_3__Orbales;D_4__Orbaceae;D_5__Gilliamella;D_6__uncultured gamma proteobacterium	0.7033248498755018
0bfcaead7e2feed89e178e9638b898ea	D_0__Bacteria;D_1__Proteobacteria;D_2__Gammaproteobacteria;D_3__Betaproteobacteriales;D_4__Neisseriaceae;D_5__Snodgrassella;D_6__uncultured beta proteobacterium	0.8596350591018143
e7b2f370feb9a0c6d68f7718537da758	D_0__Bacteria;D_1__Proteobacteria;D_2__Alphaproteobacteria;D_3__Rhizobiales;D_4__Rhizobiaceae;D_5__Ochrobactrum	0.9111417218406082
9664fe808d84ac98853b2e7adc9a8547	D_0__Bacteria;D_1__Proteobacteria;D_2__Gammaproteobacteria;D_3__Cellvibrionales;D_4__Halieaceae;D_5__OM60(NOR5) clade;D_6__uncultured Haliea sp.	0.9457097044559665
dd67d9c185ce3eafb2f2df38b751b01b	D_0__Bacteria;D_1__Firmicutes;D_2__Bacilli;D_3__Lactobacillales;D_4__Leuconostocaceae;D_5__Fructobacillus;D_6__Fructobacillus fructosus KCTC 3544	0.800131798429191
ae0fc73174f619b325a32e98b6e82227	D_0__Bacteria;D_1__Firmicutes;D_2__Bacilli;D_3__Lactobacillales;D_4__Lactobacillaceae;D_5__Lactobacillus;D_6__Lactobacillus apinorum	0.7216268848696942
3e697b7df44b03d0141867f977556cc5	D_0__Bacteria;D_1__Actinobacteria;D_2__Actinobacteria;D_3__Micrococcales;D_4__Microbacteriaceae;D_5__Microbacterium	0.9996540329103123
fd76e5ec39baf175377aff84064d3a46	D_0__Bacteria;D_1__Proteobacteria;D_2__Gammaproteobacteria;D_3__Betaproteobacteriales;D_4__Neisseriaceae;D_5__Snodgrassella;D_6__uncultured beta proteobacterium	0.8515101321193957
5c3309671dae3513c727c7812550cbaa	D_0__Bacteria;D_1__Proteobacteria;D_2__Gammaproteobacteria;D_3__Betaproteobacteriales;D_4__Neisseriaceae;D_5__Snodgrassella;D_6__uncultured beta proteobacterium	0.7721034892657608
f42bc0fec739e73ed6b9db6ad2cf8dcd	D_0__Bacteria;D_1__Proteobacteria;D_2__Gammaproteobacteria;D_3__Orbales;D_4__Orbaceae;D_5__Gilliamella;D_6__uncultured gamma proteobacterium	0.7219842912893071
2f05c7da86c538ab471f1db4a0244a7d	D_0__Bacteria;D_1__Proteobacteria;D_2__Gammaproteobacteria;D_3__Betaproteobacteriales;D_4__Neisseriaceae;D_5__Snodgrassella;D_6__uncultured beta proteobacterium	0.8494307730255519
42655c29f8398f6cd18d034aa858c048	D_0__Bacteria;D_1__Bacteroidetes;D_2__Bacteroidia;D_3__Flavobacteriales;D_4__Flavobacteriaceae;D_5__NS5 marine group;D_6__uncultured Flavobacteriaceae bacterium	0.9966462180604162
c5614ba083f98fe2c82c65d678db4bf6	D_0__Bacteria;D_1__Proteobacteria;D_2__Alphaproteobacteria;D_3__Acetobacterales;D_4__Acetobacteraceae;D_5__Commensalibacter	0.9999996524603421
5867594963192630300bb64d6716741e	D_0__Bacteria;D_1__Proteobacteria;D_2__Gammaproteobacteria;D_3__Enterobacteriales;D_4__Enterobacteriaceae;D_5__Enterobacter	0.8910663323655015
65ddf30dec82ad37df3923042d536048	D_0__Bacteria;D_1__Proteobacteria;D_2__Gammaproteobacteria;D_3__Pseudomonadales;D_4__Pseudomonadaceae;D_5__Pseudomonas	0.9999654308312181
de297fff080d813a0321cd2cb1d3edba	D_0__Bacteria;D_1__Firmicutes;D_2__Bacilli;D_3__Lactobacillales;D_4__Lactobacillaceae;D_5__Lactobacillus;D_6__uncultured Firmicutes bacterium	0.9890597801122882
b641f0fc5f43ff8f61a5f6532d395ae3	D_0__Bacteria;D_1__Proteobacteria;D_2__Gammaproteobacteria;D_3__Enterobacteriales;D_4__Enterobacteriaceae;D_5__Enterobacter;D_6__Klebsiella sp. SL001I	0.7666387685329542
802d023aa4d2f528fe005648f1b479c8	D_0__Bacteria;D_1__Proteobacteria;D_2__Gammaproteobacteria;D_3__Enterobacteriales;D_4__Enterobacteriaceae	0.9999997743256367
1c30731601596b826bc074f712287bb3	D_0__Bacteria;D_1__Bacteroidetes;D_2__Bacteroidia;D_3__Flavobacteriales;D_4__Weeksellaceae;D_5__Apibacter;D_6__uncultured Bacteroidetes bacterium	0.9341984787316239
2563487ce7e0edf51ce53599b1985abd	D_0__Bacteria;D_1__Proteobacteria;D_2__Gammaproteobacteria;D_3__Orbales;D_4__Orbaceae;D_5__Gilliamella	0.8952689669888263
ccf139c01c59a0280503d33f8a8af247	D_0__Bacteria;D_1__Proteobacteria;D_2__Gammaproteobacteria;D_3__Enterobacteriales;D_4__Enterobacteriaceae	0.999997793597371
82d364a5bc08124f0329beefdf91ddfb	D_0__Bacteria;D_1__Proteobacteria;D_2__Gammaproteobacteria;D_3__Betaproteobacteriales;D_4__Burkholderiaceae;D_5__Herbaspirillum;D_6__Herbaspirillum huttiense subsp. huttiense	0.8909906898667315
c07c0a44b5ddaa3c76288fa14a441b1e	D_0__Bacteria;D_1__Marinimicrobia (SAR406 clade);D_2__marine metagenome;D_3__marine metagenome;D_4__marine metagenome;D_5__marine metagenome;D_6__marine metagenome	0.7873746562588319
ddf8457b5b842938056b41ff9400ef12	D_0__Bacteria;D_1__Proteobacteria;D_2__Gammaproteobacteria;D_3__Enterobacteriales;D_4__Enterobacteriaceae;D_5__Serratia	0.9951476550957271
27061d8fdb7b0b60dc24902fd0a0a4f8	D_0__Bacteria;D_1__Firmicutes;D_2__Bacilli;D_3__Lactobacillales;D_4__Lactobacillaceae;D_5__Lactobacillus	0.9999999347627087
726e6a86d594609e4af1ac3a5b7b3199	D_0__Bacteria	0.9871430013313274
7301e574dd4d5cec5deac19429020ffb	D_0__Bacteria;D_1__Proteobacteria;D_2__Gammaproteobacteria;D_3__Enterobacteriales;D_4__Enterobacteriaceae	0.9999987455992827
fe678286160accbf53943ac0f1884635	D_0__Bacteria;D_1__Cyanobacteria;D_2__Oxyphotobacteria;D_3__Chloroplast	1.000000000000008
45d0c2bbb81eaa2cdaf9efb7a1aa4a30	D_0__Bacteria;D_1__Proteobacteria;D_2__Alphaproteobacteria;D_3__Rhizobiales;D_4__Devosiaceae;D_5__Devosia	0.9721756975337411
a0dfa08d035e805799216252ed4d26d3	D_0__Bacteria;D_1__Proteobacteria;D_2__Gammaproteobacteria;D_3__Enterobacteriales;D_4__Enterobacteriaceae;D_5__Pantoea	0.942769689785387
42d293f1b097bfdbe10b280f51fe0080	D_0__Bacteria;D_1__Firmicutes;D_2__Bacilli;D_3__Lactobacillales;D_4__Leuconostocaceae;D_5__Fructobacillus;D_6__Fructobacillus fructosus KCTC 3544	0.800130772269532
e137333a77f2f32f2bd2494d596a7776	D_0__Bacteria;D_1__Proteobacteria;D_2__Gammaproteobacteria;D_3__Enterobacteriales;D_4__Enterobacteriaceae	0.9999998209583403
1926fdbb518104966361f8ec3378f5e8	D_0__Bacteria;D_1__Proteobacteria;D_2__Gammaproteobacteria;D_3__Orbales;D_4__Orbaceae;D_5__Gilliamella	0.9999126801977689
ac8ae0ca7ebd7d689e73858f08cea8cb	D_0__Bacteria;D_1__Firmicutes;D_2__Bacilli;D_3__Bacillales;D_4__Bacillaceae;D_5__Anaerobacillus;D_6__uncultured bacterium	0.7469175907603257
1f45417329a058f2d0a3c8aa235ed672	D_0__Bacteria;D_1__Proteobacteria;D_2__Alphaproteobacteria;D_3__Rhodovibrionales;D_4__Kiloniellaceae;D_5__Kiloniella;D_6__Kiloniella laminariae	0.8083367112549446
78978ceaea6f8fd9f3170116cf4ff40e	D_0__Bacteria;D_1__Proteobacteria;D_2__Alphaproteobacteria;D_3__SAR11 clade;D_4__Clade I;D_5__Clade Ia	0.9163593462289367
658715735955c74c86d8975514984af5	D_0__Bacteria;D_1__Proteobacteria;D_2__Gammaproteobacteria;D_3__Ectothiorhodospirales;D_4__Ectothiorhodospiraceae;D_5__uncultured;D_6__uncultured marine bacterium	0.9484435220777456
1424176dd043c7666387efc4c9ed71e7	D_0__Bacteria;D_1__Proteobacteria;D_2__Gammaproteobacteria;D_3__Enterobacteriales;D_4__Enterobacteriaceae	0.9999808984267812
ea099914a1d5e77595027b349a5ede8e	D_0__Bacteria;D_1__Proteobacteria;D_2__Gammaproteobacteria;D_3__Orbales;D_4__Orbaceae;D_5__Gilliamella	0.999925862391357
17e4e588b1dd979419255130e465dd62	D_0__Bacteria;D_1__Proteobacteria;D_2__Gammaproteobacteria;D_3__Enterobacteriales;D_4__Enterobacteriaceae;D_5__Enterobacter	0.8251857009055625
33422f4c3c1defd3a80b182e1a0c6327	D_0__Bacteria;D_1__Proteobacteria;D_2__Gammaproteobacteria;D_3__Xanthomonadales;D_4__Xanthomonadaceae;D_5__Stenotrophomonas	0.9999953882669324
ebafe846c6880fa01c3c2aa444b0ecf3	D_0__Bacteria;D_1__Firmicutes;D_2__Bacilli;D_3__Lactobacillales;D_4__Streptococcaceae;D_5__Streptococcus;D_6__Streptococcus sanguinis	0.7956311482341685
547c364f4c6432fd6648bb3237e0decf	D_0__Bacteria;D_1__Proteobacteria;D_2__Alphaproteobacteria;D_3__Rhizobiales;D_4__Rhizobiaceae;D_5__Allorhizobium-Neorhizobium-Pararhizobium-Rhizobium	0.999488025933874
4aa19b06af442ed998abf7be0748c439	D_0__Bacteria;D_1__Bacteroidetes;D_2__Bacteroidia;D_3__Flavobacteriales;D_4__Cryomorphaceae;D_5__uncultured;D_6__uncultured marine microorganism	0.920284233700105
8f0779a53115bf92bc9db258a24a6e8c	D_0__Bacteria;D_1__Proteobacteria;D_2__Gammaproteobacteria;D_3__Betaproteobacteriales;D_4__Burkholderiaceae;D_5__Burkholderia-Caballeronia-Paraburkholderia	0.9973365202905463
07b2f3feba70fc942059a134fe5b0278	D_0__Bacteria;D_1__Proteobacteria;D_2__Alphaproteobacteria;D_3__Sphingomonadales;D_4__Sphingomonadaceae;D_5__Sphingomonas	0.9366861972912107
79926992a48dfcb0a2a2a1d86fe23e17	D_0__Bacteria;D_1__Firmicutes;D_2__Bacilli;D_3__Bacillales;D_4__Bacillaceae;D_5__Anaerobacillus;D_6__uncultured bacterium	0.7998981998730638
34907a60c05d0cfe6eb204ca91140d9c	D_0__Bacteria;D_1__Proteobacteria;D_2__Alphaproteobacteria;D_3__Sphingomonadales;D_4__Sphingomonadaceae;D_5__Sphingomonas	0.9999495210995133
91c0cc0de856301ce53adb09b5727b4f	D_0__Bacteria;D_1__Proteobacteria;D_2__Alphaproteobacteria;D_3__SAR11 clade;D_4__Clade IV;D_5__uncultured bacterium;D_6__uncultured bacterium	0.8797379032702338
fe0f40e64146b3e4d5bdfe3ee2cb9759	D_0__Bacteria;D_1__Firmicutes;D_2__Bacilli;D_3__Lactobacillales;D_4__Lactobacillaceae;D_5__Lactobacillus	0.9999998799652288
5c251260341a6be50bd891bba7061523	D_0__Bacteria;D_1__Proteobacteria;D_2__Gammaproteobacteria;D_3__Betaproteobacteriales;D_4__Neisseriaceae;D_5__Snodgrassella;D_6__uncultured beta proteobacterium	0.7545557404584211
91cada6bd81c452585f50320da8a93be	D_0__Bacteria;D_1__Firmicutes;D_2__Bacilli;D_3__Lactobacillales;D_4__Lactobacillaceae;D_5__Lactobacillus	0.9999998947471745
782dc3982ffdd9edb49378b381992c6b	D_0__Bacteria;D_1__Firmicutes;D_2__Bacilli;D_3__Lactobacillales;D_4__Lactobacillaceae;D_5__Lactobacillus	0.9999999892393512
b44867dfbe41297c3c470d5e2a2c4c6e	D_0__Bacteria;D_1__Proteobacteria;D_2__Gammaproteobacteria;D_3__Betaproteobacteriales;D_4__Burkholderiaceae;D_5__Ralstonia	0.9999863660743592
83bbbcf1549bc36edb00c99ef3a26d39	D_0__Bacteria;D_1__Proteobacteria;D_2__Alphaproteobacteria;D_3__Rhodobacterales;D_4__Rhodobacteraceae;D_5__HIMB11	0.9137381183557821
25c27a98a8dfd7040b51636442211d48	D_0__Bacteria;D_1__Patescibacteria;D_2__Gracilibacteria;D_3__uncultured bacterium;D_4__uncultured bacterium;D_5__uncultured bacterium;D_6__uncultured bacterium	0.973938370915926
fd82b8b21ce0f5af4af719a82abdccff	D_0__Bacteria;D_1__Proteobacteria;D_2__Gammaproteobacteria;D_3__Oceanospirillales;D_4__Halomonadaceae;D_5__Halomonas	0.9996373618237724
175f940a4ab20d5b63688e4caab95688	D_0__Bacteria;D_1__Cyanobacteria;D_2__Oxyphotobacteria;D_3__Chloroplast;D_4__Prasinoderma coloniale;D_5__Prasinoderma coloniale;D_6__Prasinoderma coloniale	0.9999999493906002
05910caad448570d565ef0375606393e	D_0__Bacteria	0.98769370471421
d4c3f9836702c132279dc007f42ef211	D_0__Bacteria;D_1__Proteobacteria;D_2__Gammaproteobacteria;D_3__Orbales;D_4__Orbaceae;D_5__Gilliamella	0.9997952138153985
279de9eec3b0115dff521e49e3208403	D_0__Bacteria;D_1__Bacteroidetes;D_2__Bacteroidia;D_3__Flavobacteriales;D_4__Cryomorphaceae;D_5__uncultured	0.9999999785711369
d96eb2b7c50b2f8ab2ad0a185fb42821	D_0__Bacteria;D_1__Proteobacteria;D_2__Gammaproteobacteria;D_3__Enterobacteriales;D_4__Enterobacteriaceae	0.9987512195280606
9ca8c0a019bf1caae502e764010bc295	D_0__Bacteria;D_1__Proteobacteria;D_2__Gammaproteobacteria;D_3__Betaproteobacteriales;D_4__Neisseriaceae;D_5__Snodgrassella;D_6__uncultured beta proteobacterium	0.7767512965787826
82eb311522bac6f50e7385e3b0adf779	D_0__Bacteria;D_1__Firmicutes;D_2__Bacilli;D_3__Bacillales;D_4__Staphylococcaceae;D_5__Staphylococcus	0.9999897881479296
d95a6b746514d48d8337f41e56ebc691	D_0__Bacteria;D_1__Proteobacteria;D_2__Gammaproteobacteria;D_3__Cellvibrionales;D_4__Halieaceae;D_5__OM60(NOR5) clade;D_6__uncultured marine microorganism	0.770342758199268
c8aca13f158291058256868ed3f2fd64	D_0__Bacteria;D_1__Firmicutes;D_2__Clostridia;D_3__Clostridiales;D_4__Lachnospiraceae;D_5__Tyzzerella 3	0.999721779113644
1397729372dbc87128e15dd4c4784c60	D_0__Bacteria	0.985927749562146
e2c8501432b5aa6e0c198fc82d832d9c	D_0__Bacteria;D_1__Proteobacteria;D_2__Alphaproteobacteria;D_3__Caulobacterales;D_4__Caulobacteraceae;D_5__Brevundimonas	0.9998807242692359
3247d84ebe3ae42723f36df69855e04e	D_0__Bacteria;D_1__Cyanobacteria;D_2__Oxyphotobacteria;D_3__Synechococcales;D_4__Cyanobiaceae;D_5__Prochlorococcus MIT9313	0.9995743993508677
60faf95a1e3fd57566343a2350bf3424	D_0__Bacteria;D_1__Proteobacteria;D_2__Gammaproteobacteria;D_3__Orbales;D_4__Orbaceae;D_5__Gilliamella	0.9956472958323465
393403d99398a082e226d9bd4a4560f9	D_0__Bacteria;D_1__Proteobacteria;D_2__Gammaproteobacteria;D_3__Enterobacteriales;D_4__Enterobacteriaceae;D_5__Citrobacter	0.7043109607027627
a19505457e5b1100a6ca6a8363a700f3	D_0__Bacteria;D_1__Proteobacteria;D_2__Gammaproteobacteria;D_3__Orbales;D_4__Orbaceae;D_5__Gilliamella	0.9998000337722385
44aa014a2940f29fee889295dffc43f4	D_0__Bacteria;D_1__Proteobacteria;D_2__Gammaproteobacteria;D_3__Betaproteobacteriales;D_4__Neisseriaceae;D_5__Snodgrassella;D_6__uncultured beta proteobacterium	0.780982498344325
16eda9ccd0c7e97756710faac224a86b	D_0__Bacteria;D_1__Firmicutes;D_2__Bacilli;D_3__Lactobacillales;D_4__Lactobacillaceae;D_5__Lactobacillus	0.999999426594055
e73b5ebe6e6a6bb3592942a588e8d548	D_0__Bacteria;D_1__Proteobacteria;D_2__Alphaproteobacteria;D_3__Rhodobacterales;D_4__Rhodobacteraceae;D_5__HIMB11	0.8013082345006762
1bc58bc2a1e379955166d98c9369f533	D_0__Bacteria;D_1__Proteobacteria;D_2__Alphaproteobacteria;D_3__Rhodospirillales;D_4__AEGEAN-169 marine group;D_5__uncultured bacterium;D_6__uncultured bacterium	0.7888747039484866
562ab642283fe660f34a3d5a7dbdf7c1	D_0__Bacteria;D_1__Firmicutes;D_2__Bacilli;D_3__Bacillales;D_4__Bacillaceae;D_5__Bacillus	0.9992201617803659
36182badcd3566da44e793a37960a6c1	D_0__Bacteria;D_1__Cyanobacteria;D_2__Oxyphotobacteria;D_3__Chloroplast	0.9999999999999859
5251c52e678125347c5e7e2ed1711df0	D_0__Bacteria;D_1__Proteobacteria;D_2__Gammaproteobacteria;D_3__Enterobacteriales;D_4__Enterobacteriaceae	0.9999950461743735
2f55065a02991d912c00839e7b89c010	D_0__Bacteria;D_1__Proteobacteria;D_2__Alphaproteobacteria;D_3__Rhizobiales;D_4__Rhizobiaceae;D_5__Phyllobacterium	0.9904631141194706
32cc96028d1b449ddf9d29cab47466b0	D_0__Bacteria;D_1__Firmicutes;D_2__Bacilli;D_3__Lactobacillales;D_4__Lactobacillaceae;D_5__Lactobacillus	0.9999727890875768
2eb858c35985695f5debea348493f65d	D_0__Bacteria;D_1__Firmicutes;D_2__Bacilli;D_3__Lactobacillales;D_4__Lactobacillaceae;D_5__Lactobacillus;D_6__Lactobacillus helsingborgensis	0.8219050487811582
be4888aa1503dd3847aec9539771b3f2	D_0__Bacteria;D_1__Proteobacteria;D_2__Gammaproteobacteria;D_3__Orbales;D_4__Orbaceae;D_5__Gilliamella	0.9996637058592536
f342a395a647967e471e9d7f0c0a5584	D_0__Bacteria;D_1__Proteobacteria;D_2__Gammaproteobacteria;D_3__SAR86 clade;D_4__uncultured bacterium;D_5__uncultured bacterium;D_6__uncultured bacterium	0.9852609462423194
3d97be595d024c80f8fa449a9ebeca4a	D_0__Bacteria;D_1__Actinobacteria;D_2__Actinobacteria;D_3__Corynebacteriales;D_4__Nocardiaceae;D_5__Rhodococcus;D_6__Rhodococcus erythropolis	0.7035573394621785
9de34d5d47f083fe11ed6924b88acbc7	D_0__Bacteria;D_1__Proteobacteria;D_2__Alphaproteobacteria;D_3__Caulobacterales;D_4__Caulobacteraceae;D_5__uncultured	0.9982366803392637
458b51bf254869ed8e1b7c64b9f6a800	D_0__Bacteria;D_1__Proteobacteria;D_2__Gammaproteobacteria;D_3__Betaproteobacteriales;D_4__Burkholderiaceae;D_5__Aquabacterium	0.9985411060121201
052632a794b3407bef46a17213852169	D_0__Bacteria;D_1__Proteobacteria;D_2__Gammaproteobacteria;D_3__Orbales;D_4__Orbaceae;D_5__Gilliamella	0.999496950859845
9e25b1cca2bf0d32cfeaf6e4ca6117b3	D_0__Bacteria;D_1__Proteobacteria;D_2__Gammaproteobacteria;D_3__Orbales;D_4__Orbaceae;D_5__Gilliamella	0.9999016921408039
047af6d93d66c81b03ba11adaa1a0938	D_0__Bacteria;D_1__Proteobacteria;D_2__Gammaproteobacteria;D_3__Enterobacteriales;D_4__Enterobacteriaceae;D_5__Serratia	0.9951177208916354
7d457bea9e5d4ec9e014ec77b517e957	D_0__Bacteria;D_1__Proteobacteria;D_2__Gammaproteobacteria;D_3__Oceanospirillales;D_4__Halomonadaceae;D_5__Halomonas	0.9996286121306937
a6fb049a128211305653cf7a5b48a61b	D_0__Bacteria;D_1__Firmicutes;D_2__Bacilli;D_3__Lactobacillales;D_4__Lactobacillaceae;D_5__Lactobacillus	0.9999999901109323
ea11134d769c027b484e3031c845298b	D_0__Bacteria;D_1__Proteobacteria;D_2__Gammaproteobacteria;D_3__Oceanospirillales;D_4__Litoricolaceae;D_5__Litoricola;D_6__uncultured gamma proteobacterium CHAB-V-35	0.971243544085717
7c835ef4a674aa03a979faf00a3be0e3	D_0__Bacteria;D_1__Actinobacteria;D_2__Actinobacteria;D_3__Bifidobacteriales;D_4__Bifidobacteriaceae;D_5__Bifidobacterium	0.9999998001806902
6a627d7f6660b99ed83161c313c5c765	D_0__Bacteria	1.000000000000012
56278b9712f2c3f8a69db14c99f7ab5a	D_0__Bacteria;D_1__Firmicutes;D_2__Bacilli;D_3__Lactobacillales;D_4__Lactobacillaceae;D_5__Lactobacillus;D_6__Lactobacillus helsingborgensis	0.8975065692799248
57f1cfdb7802ec14f51ce6519c9b5103	D_0__Bacteria;D_1__Proteobacteria;D_2__Alphaproteobacteria;D_3__SAR11 clade;D_4__Clade I;D_5__Clade Ia	0.871028699753328
4d7499dd610c5ae8611ca040ff41cd6e	D_0__Bacteria;D_1__Actinobacteria;D_2__Actinobacteria;D_3__Micrococcales;D_4__Dermacoccaceae;D_5__Dermacoccus	0.9988147949325822
af900fa3da54dff22c14c668cd4cbeb1	D_0__Bacteria;D_1__Cyanobacteria;D_2__Oxyphotobacteria;D_3__Synechococcales;D_4__Cyanobiaceae;D_5__Synechococcus CC9902	0.9939664192744677
e3c8e489e9fab2ca32985e83b845354b	D_0__Bacteria;D_1__Firmicutes;D_2__Bacilli;D_3__Lactobacillales;D_4__Lactobacillaceae;D_5__Lactobacillus;D_6__Lactobacillus mellis	0.7155119544617977
a2c94be87e0fcaf24e78808450500c76	D_0__Bacteria;D_1__Proteobacteria;D_2__Gammaproteobacteria;D_3__Betaproteobacteriales;D_4__Burkholderiaceae;D_5__Janthinobacterium	0.9958555793889485
6caff0e59c1fa1065afb2fbec4d38e5d	D_0__Bacteria;D_1__Firmicutes;D_2__Bacilli;D_3__Bacillales;D_4__Staphylococcaceae;D_5__Staphylococcus	0.9999999433401564
dcf7702d367a9266b79b70772173869c	D_0__Bacteria;D_1__Proteobacteria;D_2__Alphaproteobacteria;D_3__Acetobacterales;D_4__Acetobacteraceae;D_5__Commensalibacter;D_6__Apis mellifera (honey bee)	0.9016134579937649
bb3f546489f38a6501b3d02e07e893b6	D_0__Bacteria;D_1__Proteobacteria;D_2__Gammaproteobacteria;D_3__Enterobacteriales;D_4__Enterobacteriaceae	0.9999998295665
d37e92559cb305380841effcb37b7e66	D_0__Bacteria;D_1__Proteobacteria;D_2__Gammaproteobacteria;D_3__Betaproteobacteriales;D_4__Neisseriaceae;D_5__Snodgrassella;D_6__uncultured beta proteobacterium	0.794039406093513
a7ec8530e544b17188e330b6dda8cd34	D_0__Bacteria;D_1__Firmicutes;D_2__Bacilli;D_3__Lactobacillales;D_4__Lactobacillaceae;D_5__Lactobacillus	0.9999991951321063
07da7da2ff49fc288cb67f4087ed282c	D_0__Bacteria;D_1__Proteobacteria;D_2__Gammaproteobacteria;D_3__Enterobacteriales;D_4__Enterobacteriaceae	0.9989480274481737
d4053946f49dcd21fe91d094a96451f3	D_0__Bacteria;D_1__Proteobacteria;D_2__Alphaproteobacteria;D_3__Rickettsiales;D_4__Mitochondria	0.9997654498986552
582286e933b39327005b42d1f1b90f09	D_0__Bacteria;D_1__Proteobacteria;D_2__Alphaproteobacteria;D_3__Sphingomonadales;D_4__Sphingomonadaceae;D_5__Novosphingobium	0.9941804519756243
e2d9bbb1cb922be4657e1bc16d3ad6e7	D_0__Bacteria;D_1__Proteobacteria;D_2__Alphaproteobacteria;D_3__Rhizobiales;D_4__Beijerinckiaceae;D_5__Methylobacterium	0.9999547992131307
5c2cd658ba0719ab97e2e4573ff3b30d	D_0__Bacteria;D_1__Marinimicrobia (SAR406 clade);D_2__uncultured bacterium 405006-B04;D_3__uncultured bacterium 405006-B04;D_4__uncultured bacterium 405006-B04;D_5__uncultured bacterium 405006-B04;D_6__uncultured bacterium 405006-B04	0.7997355820426497
1be20b096d066e4573d9dc7bcaa08b45	D_0__Bacteria	0.9760670364678268
ab6ed5ad001454404a3c31dc506b596a	D_0__Bacteria;D_1__Proteobacteria;D_2__Gammaproteobacteria;D_3__Betaproteobacteriales;D_4__Neisseriaceae;D_5__Snodgrassella;D_6__uncultured beta proteobacterium	0.7997182699228078
682c0d6103edfb7f8086761ed490ddf9	D_0__Bacteria;D_1__Firmicutes;D_2__Bacilli;D_3__Lactobacillales;D_4__Lactobacillaceae;D_5__Lactobacillus;D_6__Lactobacillus apis	0.9954456791267059
ad57bcc00819fa6e0606b79cb7575fee	D_0__Bacteria;D_1__Proteobacteria;D_2__Gammaproteobacteria;D_3__Betaproteobacteriales;D_4__Neisseriaceae;D_5__Snodgrassella	0.999902570169541
c770a5e3eea23ea004344372aca85ff7	D_0__Bacteria;D_1__Firmicutes;D_2__Bacilli;D_3__Lactobacillales;D_4__Lactobacillaceae;D_5__Lactobacillus	0.999998296287056
189c6126e62c66a20298ed1b160255ab	D_0__Bacteria;D_1__Proteobacteria;D_2__Gammaproteobacteria;D_3__Oceanospirillales;D_4__Oleiphilaceae;D_5__Oleiphilus;D_6__uncultured bacterium	0.8531939887399816
cdeb10212f8775b5791f06e23e27429b	D_0__Bacteria;D_1__Firmicutes;D_2__Bacilli;D_3__Lactobacillales;D_4__Lactobacillaceae;D_5__Lactobacillus	0.9999999424491023
d8b0913e23a032b6f4cd6d3a11c655c9	D_0__Bacteria;D_1__Actinobacteria;D_2__Actinobacteria;D_3__Corynebacteriales;D_4__Mycobacteriaceae;D_5__Mycobacterium	0.9768684103625354
2b73d2f868c3546012b27095671f34ac	D_0__Bacteria;D_1__Cyanobacteria;D_2__Oxyphotobacteria;D_3__Chloroplast	0.9999999999999922
603634ee08bc5111408384aea949b6d4	D_0__Bacteria;D_1__Firmicutes;D_2__Bacilli;D_3__Lactobacillales;D_4__Lactobacillaceae;D_5__Lactobacillus	0.9999949566523053
532de300e6cfa439baaca88692240fcf	D_0__Bacteria;D_1__Proteobacteria;D_2__Gammaproteobacteria;D_3__Orbales;D_4__Orbaceae;D_5__Gilliamella	0.99868477067769
c07d54f967b10ef305874e06c7c29f61	D_0__Bacteria;D_1__Firmicutes;D_2__Bacilli;D_3__Lactobacillales;D_4__Lactobacillaceae;D_5__Lactobacillus;D_6__Lactobacillus helsingborgensis	0.9336679443463833
bc0cac348021d6468a515b88975962bc	D_0__Bacteria;D_1__Proteobacteria;D_2__Deltaproteobacteria;D_3__Oligoflexales;D_4__Oligoflexaceae;D_5__uncultured;D_6__uncultured bacterium	0.9680620622739476
88f23cc260224a03d15080c78bcf2ee3	D_0__Bacteria;D_1__Proteobacteria;D_2__Alphaproteobacteria;D_3__SAR11 clade;D_4__Clade I;D_5__Clade Ia	0.8875357369868866
3e8acd2cf86ed37705e670dae0e9f450	D_0__Bacteria;D_1__Firmicutes;D_2__Bacilli;D_3__Lactobacillales;D_4__Lactobacillaceae;D_5__Lactobacillus;D_6__Lactobacillus kunkeei	0.7079891637867395
74dfbe275a1d616fc77931b000f9f426	D_0__Bacteria;D_1__Proteobacteria;D_2__Gammaproteobacteria;D_3__Betaproteobacteriales;D_4__Neisseriaceae;D_5__Snodgrassella	0.9998837581512316
c6eccad8b6fdc1cc17ef96f3f5286787	D_0__Bacteria;D_1__Firmicutes;D_2__Bacilli;D_3__Lactobacillales;D_4__Lactobacillaceae;D_5__Lactobacillus	0.9999999848912401
e8b3393ace4594ab9311cefb46263313	D_0__Bacteria;D_1__Proteobacteria;D_2__Gammaproteobacteria;D_3__Orbales;D_4__Orbaceae;D_5__Gilliamella	0.9999061347699473
8e232fa0c27ffe1ed41a7a5e01bc423d	D_0__Bacteria;D_1__Proteobacteria;D_2__Gammaproteobacteria;D_3__Betaproteobacteriales;D_4__Neisseriaceae;D_5__Snodgrassella	0.9996730514025419
e896db62f861f75e095debb90b5fb7bc	D_0__Bacteria;D_1__Firmicutes;D_2__Bacilli;D_3__Lactobacillales;D_4__Lactobacillaceae;D_5__Lactobacillus	0.9999987177389322
ab3555b9efc7e40629942b9d7cb5b5e7	D_0__Bacteria;D_1__Proteobacteria;D_2__Alphaproteobacteria;D_3__Sphingomonadales;D_4__Sphingomonadaceae;D_5__Sphingomonas	0.962510424087288
431acb193bd7ac97410794ba8117d874	D_0__Bacteria;D_1__Proteobacteria;D_2__Gammaproteobacteria;D_3__Orbales;D_4__Orbaceae;D_5__Gilliamella	0.9968380739343677
cab9caf3823ec144197218d058595015	D_0__Bacteria;D_1__Proteobacteria;D_2__Alphaproteobacteria;D_3__Acetobacterales;D_4__Acetobacteraceae;D_5__Commensalibacter;D_6__Apis mellifera (honey bee)	0.7830173816646556
440cfb820e1ca80cc509653acb3e96c7	D_0__Bacteria;D_1__Proteobacteria;D_2__Alphaproteobacteria;D_3__Acetobacterales;D_4__Acetobacteraceae;D_5__Commensalibacter;D_6__Apis mellifera (honey bee)	0.8567074740994985
ae21fec25d366f0d2f31abd5b099b0c6	D_0__Bacteria;D_1__Proteobacteria;D_2__Alphaproteobacteria;D_3__Rhizobiales;D_4__Beijerinckiaceae;D_5__Bosea	0.999984362826726
2490f6565fdf756cb8c25ad1cc56e16e	D_0__Bacteria;D_1__Proteobacteria;D_2__Gammaproteobacteria;D_3__Alteromonadales;D_4__Psychromonadaceae;D_5__Psychromonas	0.9999998923812246
e106faa74031a42b0fc38d831bff0f80	D_0__Bacteria;D_1__Proteobacteria;D_2__Gammaproteobacteria;D_3__Betaproteobacteriales;D_4__Neisseriaceae;D_5__Snodgrassella;D_6__uncultured beta proteobacterium	0.7844785540052345
8c4cc770626a4d9232fcd96c453809f0	D_0__Bacteria;D_1__Proteobacteria;D_2__Alphaproteobacteria;D_3__Acetobacterales;D_4__Acetobacteraceae;D_5__Commensalibacter;D_6__Apis mellifera (honey bee)	0.9163413301972039
a8e64be79f1c3b6f96adf203c66bfc10	D_0__Bacteria;D_1__Proteobacteria;D_2__Alphaproteobacteria;D_3__Rhizobiales;D_4__Xanthobacteraceae;D_5__Bradyrhizobium	0.7059978402685604
5b7a323bdb5e0ff756ef0bd05dff6eb7	D_0__Bacteria;D_1__Firmicutes;D_2__Bacilli;D_3__Lactobacillales;D_4__Lactobacillaceae;D_5__Lactobacillus	0.9999996937164333
23c050bc81c2271fb9d5a507aa5b081a	D_0__Bacteria;D_1__Proteobacteria;D_2__Gammaproteobacteria;D_3__Betaproteobacteriales;D_4__Neisseriaceae;D_5__Snodgrassella;D_6__uncultured beta proteobacterium	0.7782384248406905
5fe1483b879ea7dbf824abaa7515a42f	D_0__Bacteria;D_1__Actinobacteria;D_2__Actinobacteria;D_3__Bifidobacteriales;D_4__Bifidobacteriaceae;D_5__Bifidobacterium;D_6__Bifidobacterium asteroides	0.7366386897574076
de2c114df16caec48687295d815ba3e7	D_0__Archaea;D_1__Euryarchaeota;D_2__Thermoplasmata;D_3__Marine Group II;D_4__uncultured marine group II euryarchaeote HF70_59C08;D_5__uncultured marine group II euryarchaeote HF70_59C08;D_6__uncultured marine group II euryarchaeote HF70_59C08	0.9999738466051515
de7030cb0047b5842951478039c6ef3b	D_0__Bacteria;D_1__Firmicutes;D_2__Bacilli;D_3__Lactobacillales;D_4__Lactobacillaceae;D_5__Lactobacillus	0.9999999063938945
82e12063857856906d1570ba9116d17c	D_0__Bacteria;D_1__Actinobacteria;D_2__Actinobacteria;D_3__Bifidobacteriales;D_4__Bifidobacteriaceae;D_5__Bifidobacterium	0.999999834440038
0f4b857bcb287b66d6066da03595505a	D_0__Bacteria;D_1__Proteobacteria;D_2__Gammaproteobacteria;D_3__Orbales;D_4__Orbaceae;D_5__Gilliamella	0.9996713290076886
532ecc8832bba0d653e19c1d7eb7ff71	D_0__Bacteria;D_1__Firmicutes;D_2__Bacilli;D_3__Lactobacillales;D_4__Lactobacillaceae;D_5__Lactobacillus;D_6__Lactobacillus helsingborgensis	0.8815667466938437
c877d94176b17db8cc9d8c2660923f61	D_0__Bacteria;D_1__Firmicutes;D_2__Bacilli;D_3__Lactobacillales;D_4__Lactobacillaceae;D_5__Lactobacillus	0.9998437391561104
f86d81dc1a88713831e091d0da042677	D_0__Bacteria;D_1__Firmicutes;D_2__Bacilli;D_3__Lactobacillales;D_4__Lactobacillaceae;D_5__Lactobacillus;D_6__Lactobacillus helsingborgensis	0.7307692297904999
00283a85ec7203ba1b22d9327c529b0d	D_0__Bacteria;D_1__Proteobacteria;D_2__Alphaproteobacteria;D_3__Acetobacterales;D_4__Acetobacteraceae;D_5__Commensalibacter;D_6__Apis mellifera (honey bee)	0.848939899717764
f4349aeb69c1a7e98df2fdd654338fde	D_0__Bacteria;D_1__Firmicutes;D_2__Bacilli;D_3__Lactobacillales;D_4__Lactobacillaceae;D_5__Lactobacillus	0.9999990743632684
40aad19716d07de10c37540a2384feb8	D_0__Bacteria;D_1__Firmicutes;D_2__Bacilli;D_3__Lactobacillales;D_4__Lactobacillaceae;D_5__Lactobacillus	0.9999999961460874
128399a69ce80be64abbd3dd0a2eeacb	D_0__Bacteria;D_1__Cyanobacteria;D_2__Oxyphotobacteria;D_3__Chloroplast;D_4__uncultured prymnesiophyte C8704;D_5__uncultured prymnesiophyte C8704;D_6__uncultured prymnesiophyte C8704	0.9988807860546188
a87a4a4c326df4350aa04f23acbfd10d	D_0__Bacteria;D_1__Firmicutes;D_2__Bacilli;D_3__Lactobacillales;D_4__Lactobacillaceae;D_5__Lactobacillus	0.9999999627554441
64599fc22dcc078da9f66ecdd61bb4e5	D_0__Bacteria;D_1__Proteobacteria;D_2__Gammaproteobacteria;D_3__Betaproteobacteriales;D_4__Neisseriaceae;D_5__Snodgrassella;D_6__uncultured beta proteobacterium	0.7729493145389564
6e2f5ad3e648ee9e6199d95de9159155	D_0__Bacteria;D_1__Proteobacteria;D_2__Gammaproteobacteria;D_3__Cellvibrionales;D_4__Halieaceae;D_5__OM60(NOR5) clade;D_6__uncultured Haliea sp.	0.8248216666762669
abac28302f9da2298542e28f7ff0d426	D_0__Bacteria;D_1__Firmicutes;D_2__Bacilli;D_3__Bacillales;D_4__Bacillaceae;D_5__Bacillus;D_6__Bacillus pseudofirmus	0.8447690531513102
d1651aafd0153156af40f082a172d550	D_0__Bacteria;D_1__Proteobacteria;D_2__Gammaproteobacteria;D_3__Betaproteobacteriales;D_4__Neisseriaceae;D_5__Snodgrassella;D_6__uncultured beta proteobacterium	0.7967821035307985
abd8f66b7cf2fdbcafd645822baaaad4	D_0__Bacteria;D_1__Firmicutes;D_2__Bacilli;D_3__Lactobacillales;D_4__Lactobacillaceae;D_5__Lactobacillus	0.9999940931359206
84b42e88d112a0186e5342cfe09dacc7	D_0__Bacteria;D_1__Proteobacteria;D_2__Gammaproteobacteria;D_3__Oceanospirillales;D_4__Halomonadaceae;D_5__Halomonas	0.9999317697705952
fd8fba92bd0f00653f506f94a74f6bfb	D_0__Bacteria;D_1__Proteobacteria;D_2__Gammaproteobacteria;D_3__Orbales;D_4__Orbaceae;D_5__Frischella	0.8063118698583471
0b926454785a43974c432788ba23af63	D_0__Bacteria;D_1__Proteobacteria;D_2__Gammaproteobacteria;D_3__Orbales;D_4__Orbaceae;D_5__Gilliamella	0.996489725580234
ef0852e2fb25758bae4a609bda1842bc	D_0__Bacteria;D_1__Proteobacteria;D_2__Gammaproteobacteria;D_3__Betaproteobacteriales;D_4__Neisseriaceae;D_5__Snodgrassella	0.9997135181592415
fa8ebacffe8aa523eabb8b9f52298285	D_0__Bacteria;D_1__Bacteroidetes;D_2__Bacteroidia;D_3__Flavobacteriales;D_4__NS9 marine group	0.9999996213335834
76a7c7c2c26569642c2efa6aa7a90f7f	D_0__Bacteria;D_1__Proteobacteria;D_2__Gammaproteobacteria;D_3__Pseudomonadales;D_4__Moraxellaceae;D_5__Acinetobacter	0.9999998967243673
cc40dc0452a531b9906758ae751cc6dd	D_0__Bacteria;D_1__Firmicutes;D_2__Bacilli;D_3__Lactobacillales;D_4__Lactobacillaceae;D_5__Lactobacillus	0.9999999133296473
2648d18374baea4920f0353d4586d8b0	D_0__Bacteria;D_1__Proteobacteria;D_2__Alphaproteobacteria;D_3__Acetobacterales;D_4__Acetobacteraceae;D_5__Bombella	0.9813746413573
9b48c886b59abf9d8acc6f2b44bf2a38	D_0__Bacteria;D_1__Proteobacteria;D_2__Alphaproteobacteria;D_3__Rhizobiales;D_4__Beijerinckiaceae;D_5__1174-901-12	0.995591271321421
4ed41048f7cc74afb907674086e9de04	D_0__Bacteria;D_1__Proteobacteria;D_2__Gammaproteobacteria;D_3__Orbales;D_4__Orbaceae;D_5__Gilliamella	0.9999750905023814
bd98a9b341c78fc18290067d8066e5de	D_0__Bacteria;D_1__Proteobacteria;D_2__Gammaproteobacteria;D_3__Betaproteobacteriales;D_4__Neisseriaceae;D_5__Snodgrassella;D_6__Snodgrassella alvi wkB2	0.8497170705604175
563c71da001f6b39e86b2987e62a9aeb	D_0__Bacteria;D_1__Firmicutes;D_2__Bacilli;D_3__Lactobacillales;D_4__Lactobacillaceae;D_5__Lactobacillus	0.9999553060244466
f435fdfa0957646b99980a8f727caa81	D_0__Bacteria;D_1__Proteobacteria;D_2__Alphaproteobacteria;D_3__Acetobacterales;D_4__Acetobacteraceae;D_5__Bombella	0.9972311003254222
644bbd296f45acf8d29b901dbda2d0fe	D_0__Bacteria;D_1__Proteobacteria;D_2__Alphaproteobacteria;D_3__Acetobacterales;D_4__Acetobacteraceae;D_5__Bombella	0.9997558876831236
6c549caa49bd90b37fce39e25858dbbd	D_0__Bacteria;D_1__Proteobacteria;D_2__Gammaproteobacteria;D_3__Xanthomonadales;D_4__Xanthomonadaceae;D_5__Stenotrophomonas	0.9999956419172669
00a951b7c16d4fd928da2a35b840d87e	D_0__Bacteria;D_1__Firmicutes;D_2__Bacilli;D_3__Lactobacillales;D_4__Lactobacillaceae;D_5__Lactobacillus;D_6__Lactobacillus helsingborgensis	0.8494618319591731
c36d87ea0e8e4eb54d9c3c749c05b891	D_0__Bacteria;D_1__Firmicutes;D_2__Bacilli;D_3__Lactobacillales;D_4__Lactobacillaceae;D_5__Lactobacillus;D_6__Lactobacillus apis	0.9255307956336443
009905d80a804b6d88f478347d3ea40d	D_0__Bacteria;D_1__Proteobacteria;D_2__Gammaproteobacteria;D_3__Betaproteobacteriales;D_4__Neisseriaceae;D_5__Snodgrassella;D_6__uncultured beta proteobacterium	0.7523036884993541
dff72afcf2adb9845184a9512308a8ce	D_0__Bacteria;D_1__Proteobacteria;D_2__Gammaproteobacteria;D_3__Enterobacteriales;D_4__Enterobacteriaceae	0.9999958937548926
97a9afe441cd2408eff1834822d76d1f	D_0__Bacteria;D_1__Proteobacteria;D_2__Alphaproteobacteria;D_3__Rickettsiales;D_4__Mitochondria	0.9997325128319934
f6e4eb9594e71e158dd528d6fb14c991	D_0__Bacteria;D_1__Proteobacteria;D_2__Alphaproteobacteria;D_3__Rhizobiales;D_4__Beijerinckiaceae;D_5__Methylobacterium	0.9999990601900053
9649474233943b8e6b95425489b0b75b	D_0__Bacteria;D_1__Firmicutes;D_2__Bacilli;D_3__Lactobacillales;D_4__Lactobacillaceae;D_5__Lactobacillus	0.9999999510253026
a981b83fd297393938a11f1c330403fe	D_0__Bacteria;D_1__Actinobacteria;D_2__Actinobacteria;D_3__Bifidobacteriales;D_4__Bifidobacteriaceae;D_5__Bifidobacterium	0.9999993549573686
b4e7cecffff6fcebf21aed5f31d4d5c6	D_0__Bacteria;D_1__Firmicutes;D_2__Bacilli;D_3__Bacillales;D_4__Planococcaceae;D_5__Lysinibacillus	0.9997764298600216
5b575ab7efd9e5325f47e5f93989b9d5	D_0__Bacteria;D_1__Proteobacteria;D_2__Alphaproteobacteria;D_3__Rickettsiales;D_4__Mitochondria	0.9919633273572105
fd5689ec2eab84272804e749bc228311	D_0__Bacteria;D_1__Proteobacteria;D_2__Gammaproteobacteria;D_3__Betaproteobacteriales;D_4__Neisseriaceae;D_5__Snodgrassella	0.9997690400677625
075eb7247aed7fde7a9a756dc81f0882	D_0__Bacteria;D_1__Cyanobacteria;D_2__Oxyphotobacteria;D_3__Chloroplast	0.999999999999987
2ec8856ffe49cc56e3c339eb67a7fd00	D_0__Bacteria;D_1__Actinobacteria;D_2__Actinobacteria;D_3__Bifidobacteriales;D_4__Bifidobacteriaceae;D_5__Bifidobacterium	0.9999955596494631
c8c23892960e4b0613087baec8385d4b	D_0__Bacteria;D_1__Proteobacteria;D_2__Alphaproteobacteria;D_3__Puniceispirillales;D_4__SAR116 clade;D_5__uncultured marine microorganism;D_6__uncultured marine microorganism	0.9921345160045867
a8816d2b6bf10dc13dfd63d52bd2b74f	D_0__Bacteria;D_1__Firmicutes;D_2__Bacilli;D_3__Lactobacillales;D_4__Lactobacillaceae;D_5__Lactobacillus;D_6__Lactobacillus apis	0.9586281174972724
e0c88d126489123b4345ce5f6f009cdd	D_0__Bacteria;D_1__Firmicutes;D_2__Bacilli;D_3__Lactobacillales;D_4__Lactobacillaceae;D_5__Lactobacillus	0.9999999260754987
162301000eb311a00ac261813a56373c	D_0__Bacteria;D_1__Proteobacteria;D_2__Alphaproteobacteria;D_3__Sphingomonadales;D_4__Sphingomonadaceae;D_5__Sphingobium	0.9977567899916132
ef9108e98dd799164e9c5e0c27f6ec73	D_0__Bacteria;D_1__Firmicutes;D_2__Bacilli;D_3__Lactobacillales;D_4__Lactobacillaceae;D_5__Lactobacillus;D_6__Lactobacillus helsingborgensis	0.8644965873541182
15d6f067899db1b931268211579df936	D_0__Bacteria;D_1__Proteobacteria;D_2__Alphaproteobacteria;D_3__Caulobacterales;D_4__Caulobacteraceae;D_5__Brevundimonas	0.9910141601781529
f9e3adddc9e7f170d29274d9edc4b21f	D_0__Bacteria;D_1__Proteobacteria;D_2__Gammaproteobacteria;D_3__Oceanospirillales;D_4__Halomonadaceae;D_5__Halomonas	0.9992968616245297
37a14c1fe0fb9146a68f109ce17199cb	D_0__Bacteria;D_1__Proteobacteria;D_2__Alphaproteobacteria;D_3__Rhizobiales;D_4__Rhizobiaceae;D_5__Allorhizobium-Neorhizobium-Pararhizobium-Rhizobium	0.9995312299602198
e4b1dbc58203a98c101f405b0c1adb30	D_0__Bacteria;D_1__Firmicutes;D_2__Bacilli;D_3__Lactobacillales;D_4__Lactobacillaceae;D_5__Lactobacillus;D_6__Lactobacillus kunkeei	0.8155104925763763
8aa8b3d6c6bc0654a18aa1901d70ad51	D_0__Bacteria;D_1__Proteobacteria;D_2__Gammaproteobacteria;D_3__Betaproteobacteriales;D_4__Burkholderiaceae;D_5__Acidovorax	0.8844975445374156
d43cf322f53927010f0cb0e0f079b100	D_0__Bacteria;D_1__Proteobacteria;D_2__Gammaproteobacteria;D_3__Enterobacteriales;D_4__Enterobacteriaceae;D_5__Enterobacter	0.7431050803128503
44eaa65110e271e553578a618af02f09	D_0__Bacteria;D_1__Actinobacteria;D_2__Actinobacteria;D_3__Propionibacteriales;D_4__Propionibacteriaceae;D_5__Cutibacterium	0.9999996386976147
71cba26264ef12f29965c50fa5f5223e	D_0__Bacteria;D_1__Firmicutes;D_2__Bacilli;D_3__Lactobacillales;D_4__Lactobacillaceae;D_5__Lactobacillus	0.9999974687712863
1743a64d7fdeba5d6872834f4cd346f5	D_0__Bacteria;D_1__Firmicutes;D_2__Bacilli;D_3__Lactobacillales;D_4__Lactobacillaceae;D_5__Lactobacillus	0.9999999682952823
e022d4097c3cef8654b72ca73b80346e	D_0__Bacteria;D_1__Proteobacteria;D_2__Gammaproteobacteria;D_3__Betaproteobacteriales;D_4__Neisseriaceae;D_5__Snodgrassella	0.9999467636016867
325d07503e2a2134aecd8215d7f6ec87	D_0__Bacteria	0.9501421510647663
4295c4ec187641d5b80817a2a67daefa	D_0__Bacteria;D_1__Bacteroidetes;D_2__Bacteroidia;D_3__Flavobacteriales;D_4__Flavobacteriaceae;D_5__NS5 marine group;D_6__uncultured Flavobacteriaceae bacterium	0.8658092647101568
a8aaa2e3c8eb78796d324ba8c3edc27e	D_0__Bacteria;D_1__Actinobacteria;D_2__Actinobacteria;D_3__Bifidobacteriales;D_4__Bifidobacteriaceae;D_5__Bifidobacterium	0.9999993951996164
3799c21e7443b49625436569eaf78416	D_0__Bacteria;D_1__Proteobacteria;D_2__Gammaproteobacteria;D_3__Betaproteobacteriales;D_4__Neisseriaceae;D_5__Snodgrassella	0.9999182796258084
5bf3a26feb4417bb2e69f0d49f1ca108	D_0__Bacteria;D_1__Actinobacteria;D_2__Actinobacteria;D_3__Bifidobacteriales;D_4__Bifidobacteriaceae;D_5__Bifidobacterium	0.9999954444137248
788fb4f419b316765f1861b318d684f3	D_0__Bacteria;D_1__Proteobacteria;D_2__Gammaproteobacteria;D_3__Pseudomonadales;D_4__Pseudomonadaceae;D_5__Pseudomonas	0.9999990405774912
4e7cafec35ba4168302dd02cb3505fd1	D_0__Bacteria;D_1__Firmicutes;D_2__Bacilli;D_3__Lactobacillales;D_4__Lactobacillaceae;D_5__Lactobacillus	0.9999503681814615
57339dc360146f9499bf125f0b680ea6	D_0__Bacteria;D_1__Proteobacteria;D_2__Gammaproteobacteria;D_3__Orbales;D_4__Orbaceae;D_5__Frischella;D_6__uncultured gamma proteobacterium	0.8303050401142923
4541aff5aebc03d23c063239907837f4	D_0__Bacteria;D_1__Proteobacteria;D_2__Gammaproteobacteria;D_3__Betaproteobacteriales;D_4__Burkholderiaceae;D_5__Hydrogenophaga	0.9683704515162794
747e1cc958c419c7646a6aa935ae9704	D_0__Bacteria;D_1__Firmicutes;D_2__Bacilli;D_3__Lactobacillales;D_4__Lactobacillaceae;D_5__Lactobacillus	0.9999998549520414
67bc130dbdc5ddc23db26d12391a174d	D_0__Bacteria;D_1__Firmicutes;D_2__Bacilli;D_3__Lactobacillales;D_4__Lactobacillaceae;D_5__Lactobacillus;D_6__Lactobacillus kunkeei	0.8283853593905497
e70949c4904d48160f0ae701ea7ef474	D_0__Bacteria;D_1__Firmicutes;D_2__Bacilli;D_3__Bacillales;D_4__Bacillaceae;D_5__Bacillus	0.9942027811434311
34ede2fe1c65bbce6b4cbba4ea102abf	D_0__Bacteria;D_1__Proteobacteria;D_2__Alphaproteobacteria;D_3__Rhizobiales;D_4__Rhizobiaceae;D_5__Allorhizobium-Neorhizobium-Pararhizobium-Rhizobium	0.9973305452353886
64300e326205d972f548906b92d1b880	D_0__Bacteria;D_1__Proteobacteria;D_2__Alphaproteobacteria;D_3__Acetobacterales;D_4__Acetobacteraceae;D_5__Commensalibacter;D_6__uncultured Gluconacetobacter sp.	0.7664095730684247
37ff21bbf3bc769b7f320a8d6c2a7c7c	D_0__Bacteria;D_1__Proteobacteria;D_2__Gammaproteobacteria;D_3__Gammaproteobacteria Incertae Sedis;D_4__Unknown Family;D_5__Acidibacter	0.9733422327717088
ec6df9227e22644e1d21adbd8b13d6dd	D_0__Bacteria;D_1__Firmicutes;D_2__Bacilli;D_3__Lactobacillales;D_4__Lactobacillaceae;D_5__Lactobacillus	0.9998162156268872
b5f7b73a44f5b683935bf763611adf51	D_0__Bacteria;D_1__Firmicutes;D_2__Bacilli;D_3__Lactobacillales;D_4__Lactobacillaceae;D_5__Lactobacillus;D_6__Lactobacillus helsingborgensis	0.893727104708675
d824c5400418c742ad0795f36e625cb6	D_0__Bacteria;D_1__Firmicutes;D_2__Bacilli;D_3__Lactobacillales;D_4__Lactobacillaceae;D_5__Lactobacillus;D_6__Lactobacillus kullabergensis	0.7071179140051463
1e56c887bf0b5b4a822dd9b07136ddd6	D_0__Bacteria;D_1__Firmicutes;D_2__Bacilli;D_3__Lactobacillales;D_4__Lactobacillaceae;D_5__Lactobacillus	0.9999999903463292
9bcb0dc9fab9df55470b67df3785a62a	D_0__Bacteria	0.956642431809083
087097e7ff8b5481526b5726c0070203	D_0__Bacteria;D_1__Firmicutes;D_2__Bacilli;D_3__Lactobacillales;D_4__Lactobacillaceae;D_5__Lactobacillus;D_6__Lactobacillus helsingborgensis	0.78108276625367
d4f64b5730fe61964d257a7f7167954f	D_0__Bacteria;D_1__Firmicutes;D_2__Bacilli;D_3__Lactobacillales;D_4__Lactobacillaceae;D_5__Lactobacillus	0.9999999938569641
986bd0df0eb0168fb4999509220ee8ac	D_0__Bacteria;D_1__Proteobacteria;D_2__Gammaproteobacteria;D_3__Betaproteobacteriales;D_4__Neisseriaceae;D_5__Snodgrassella	0.9999367322424632
b2a6802fb8193df438ce9c27b3e7c458	D_0__Bacteria;D_1__Firmicutes;D_2__Bacilli;D_3__Lactobacillales;D_4__Lactobacillaceae;D_5__Lactobacillus;D_6__Lactobacillus apis	0.9724784104260713
2f5e99805671ad8c4df5637597467131	D_0__Bacteria;D_1__Firmicutes;D_2__Bacilli;D_3__Lactobacillales;D_4__Lactobacillaceae;D_5__Lactobacillus	0.9999999818443165
4d49c4cf821528ca47ca55ae3fd25aa0	D_0__Bacteria;D_1__Proteobacteria;D_2__Gammaproteobacteria;D_3__Betaproteobacteriales;D_4__Neisseriaceae;D_5__Snodgrassella	0.999883411385761
9a09b5b92ffdb80e95b5da4083e34371	D_0__Bacteria;D_1__Proteobacteria;D_2__Gammaproteobacteria;D_3__Pseudomonadales;D_4__Pseudomonadaceae;D_5__Pseudomonas	0.9999989127133563
72a61623709af5ceec72ea3506102176	D_0__Bacteria;D_1__Patescibacteria;D_2__Parcubacteria;D_3__Candidatus Kaiserbacteria;D_4__metagenome;D_5__metagenome;D_6__metagenome	0.7090107613212652
0b06ce555ab7d2c2ac01dc16c49ddb0a	D_0__Bacteria;D_1__Proteobacteria;D_2__Gammaproteobacteria;D_3__Orbales;D_4__Orbaceae;D_5__Gilliamella	0.9986997053134741
85fbb6f2e5eb2ce6dea61cb5dec7da0a	D_0__Bacteria;D_1__Actinobacteria;D_2__Actinobacteria;D_3__Bifidobacteriales;D_4__Bifidobacteriaceae;D_5__Bifidobacterium	0.9999874003741679
d5a41a8915594e65462a11d078c62980	D_0__Bacteria;D_1__Proteobacteria;D_2__Gammaproteobacteria;D_3__Pseudomonadales;D_4__Moraxellaceae;D_5__Enhydrobacter	0.999999999473628
b5421b9e74a522a576a299718ac21ac3	D_0__Bacteria;D_1__Proteobacteria;D_2__Gammaproteobacteria;D_3__Orbales;D_4__Orbaceae;D_5__Gilliamella	0.9998607384752456
50b2d464913a1a217012ab96224c0866	D_0__Bacteria;D_1__Actinobacteria;D_2__Actinobacteria;D_3__Bifidobacteriales;D_4__Bifidobacteriaceae;D_5__Bifidobacterium	0.999995531835386
69d2a1b38f69318dbab92c9114d4544e	D_0__Bacteria;D_1__Firmicutes;D_2__Bacilli;D_3__Lactobacillales;D_4__Lactobacillaceae;D_5__Lactobacillus	0.9999999206549167
cd0d78573750e4a47eb2936722fd616d	D_0__Bacteria;D_1__Firmicutes;D_2__Bacilli;D_3__Lactobacillales;D_4__Lactobacillaceae;D_5__Lactobacillus;D_6__Lactobacillus apis	0.9122903402471833
6c1fc193bbc00d572b4c6d0bcf160841	D_0__Bacteria;D_1__Firmicutes;D_2__Bacilli;D_3__Lactobacillales;D_4__Lactobacillaceae;D_5__Lactobacillus	0.9999814738003225
3992be75cccdc31c33cc4031ce5ffc10	D_0__Bacteria;D_1__Proteobacteria;D_2__Gammaproteobacteria;D_3__Enterobacteriales;D_4__Enterobacteriaceae;D_5__Cronobacter	0.7652897582506887
93000efb9fe979efab563be3b0a9949f	D_0__Bacteria;D_1__Proteobacteria;D_2__Alphaproteobacteria;D_3__Acetobacterales;D_4__Acetobacteraceae;D_5__Commensalibacter;D_6__uncultured Gluconacetobacter sp.	0.7274076951984473
7dea5b87b6c830b41aa1beb138a56186	D_0__Bacteria;D_1__Actinobacteria;D_2__Actinobacteria;D_3__Bifidobacteriales;D_4__Bifidobacteriaceae;D_5__Bifidobacterium	0.9982746315764909
5b16efb7ed00d11062b14f7f698a2347	D_0__Bacteria;D_1__Actinobacteria;D_2__Actinobacteria;D_3__Bifidobacteriales;D_4__Bifidobacteriaceae;D_5__Bifidobacterium	0.9999997596010508
713e11e939e7b50741b39ec01ceab4c5	D_0__Bacteria;D_1__Firmicutes;D_2__Bacilli;D_3__Lactobacillales;D_4__Lactobacillaceae;D_5__Lactobacillus	0.9999715005769483
04cd8eca2a22b026d989af73bbb720cf	D_0__Bacteria;D_1__Proteobacteria;D_2__Alphaproteobacteria;D_3__Acetobacterales;D_4__Acetobacteraceae;D_5__Commensalibacter;D_6__uncultured Gluconacetobacter sp.	0.8001869058992587
a98a2ea929138f5a4c2db9fde02b3bf9	D_0__Bacteria;D_1__Firmicutes;D_2__Bacilli;D_3__Bacillales;D_4__Bacillaceae;D_5__Bacillus	0.9966575500589553
884a3e2342d212e2e86776162d4339ed	D_0__Bacteria;D_1__Proteobacteria;D_2__Gammaproteobacteria;D_3__Betaproteobacteriales;D_4__Neisseriaceae;D_5__Snodgrassella;D_6__uncultured beta proteobacterium	0.7620159814098912
